운용사명,상품명,1개월누적수익률(%),3개월누적수익률(%),6개월누적수익률(%),12개월누적수익률(%),펀드등급,펀드유형,선취수수료(%),총보수(%)
BNK자산운용,BNK 튼튼코리아증권투자신탁1호[주식] A1,7.14,37.63,41.61,65.36,2,주식형,1,1.45
BNK자산운용,BNK 튼튼코리아증권투자신탁1호[주식] C-e,7.13,37.6,41.55,65.23,2,주식형,,1.53
BNK자산운용,BNK 튼튼코리아증권투자신탁1호[주식]C1,7.07,37.38,41.06,64.1,2,주식형,,2.25
BNK자산운용,BNK법인MMF1호(국공채)C,0.05,0.15,0.3,0,6,MMF(법인),,0.1
BNK자산운용,BNK스팩&공모주30증권투자신탁1호(채권혼합)A,0.45,3.86,3.59,5.41,5,채권혼합형,0.8,0.9
BNK자산운용,BNK스팩&공모주30증권투자신탁1호(채권혼합)A-e,0.47,3.92,3.69,5.62,5,채권혼합형,0.4,0.7
BNK자산운용,BNK스팩&공모주30증권투자신탁1호(채권혼합)C,0.4,3.71,3.28,4.78,5,채권혼합형,,1.5
BNK자산운용,BNK스팩&공모주30증권투자신탁1호(채권혼합)C-e,0.44,3.84,3.53,5.3,5,채권혼합형,,1
DB자산운용,DB글로벌핀테크증권자투자신탁(H)[주식]A,2.62,11.45,9.52,24.9,2,주식형,1,1.7
DB자산운용,DB글로벌핀테크증권자투자신탁(H)[주식]A-E,2.65,11.54,9.71,25.33,2,주식형,0.5,1.35
DB자산운용,DB글로벌핀테크증권자투자신탁(H)[주식]C,2.6,11.37,9.35,24.49,2,주식형,,2
DB자산운용,DB글로벌핀테크증권자투자신탁(H)[주식]C-E,2.64,11.5,9.62,25.13,2,주식형,,1.5
DB자산운용,DB글로벌핀테크증권자투자신탁(H)[주식]C-P,2.62,11.45,9.53,0,2,주식형,,1.67
DB자산운용,DB글로벌핀테크증권자투자신탁(H)[주식]C-PE,2.65,11.54,9.72,25.38,2,주식형,,1.33
DB자산운용,DB글로벌핀테크증권자투자신탁(H)[주식]C-W,2.68,11.63,9.9,25.76,2,주식형,,1
DB자산운용,DB바이오헬스케어증권투자신탁1호(주식) A-E,-5.28,15.18,14.12,51.31,2,주식형,0.5,1.017
DB자산운용,DB바이오헬스케어증권투자신탁1호(주식) C,-5.38,14.84,13.41,49.48,2,주식형,,2.257
DB자산운용,DB바이오헬스케어증권투자신탁1호(주식) C-E,-5.34,14.98,13.69,50.23,2,주식형,,1.757
DB자산운용,DB바이오헬스케어증권투자신탁1호(주식) C-P,-5.32,15.05,13.84,50.59,2,주식형,,1.507
DB자산운용,DB바이오헬스케어증권투자신탁1호(주식) C-PE,-5.29,15.15,14.06,51.13,2,주식형,,1.507
DB자산운용,DB바이오헬스케어증권투자신탁1호(주식)A,-5.3,15.11,13.96,50.91,2,주식형,1,1.287
DB자산운용,DB바이오헬스케어증권투자신탁1호(주식)C-W,-5.26,15.26,3.4,37.27,2,주식형,,0.757
DB자산운용,DB진주찾기증권자투자신탁1호(주식)A,4.19,31.69,36.74,46.05,2,주식형,1,1.5
DB자산운용,DB진주찾기증권자투자신탁1호(주식)C-E,4.19,31.67,36.69,45.94,2,주식형,,1.575
DB자산운용,DB진주찾기증권자투자신탁1호(주식)C1,4.16,31.57,32.95,32.95,2,주식형,,2.275
DB자산운용,DB진주찾기증권자투자신탁제2호A(주식),5.28,33.64,39.82,46.09,2,주식형,1,1.5
DB자산운용,DB진주찾기증권자투자신탁제2호C(주식),5.21,33.43,39.39,45.2,2,주식형,,2.275
DB자산운용,DB진주찾기증권자투자신탁제2호C-e(주식),5.27,33.63,39.83,46.15,2,주식형,,0.78
DB자산운용,DB진주찾기증권자투자신탁제2호C-i(주식),0,0,0,0,2,주식형,,0.82
HDC자산운용,HDC모아주고막아주는증권투자신탁1호(채권혼합)A,0.58,4.63,4.73,8.08,5,채권혼합형,0.5,0.932
HDC자산운용,HDC모아주고막아주는증권투자신탁1호(채권혼합)A-E,0.6,4.69,4.86,8.35,5,채권혼합형,0.25,0.682
HDC자산운용,HDC모아주고막아주는증권투자신탁1호(채권혼합)C,0.55,4.55,4.57,7.76,5,채권혼합형,,1.232
HDC자산운용,HDC모아주고막아주는증권투자신탁1호(채권혼합)C-E,0.59,4.65,4.78,8.19,5,채권혼합형,,0.832
HDC자산운용,HDC모아주고막아주는증권투자신탁1호(채권혼합)C-P2,0.59,4.65,0.46,3.72,5,채권혼합형,,0.832
HDC자산운용,HDC모아주고막아주는증권투자신탁1호(채권혼합)C-P2e,0.61,4.72,4.91,8.46,5,채권혼합형,,0.582
HDC자산운용,HDC모아주고막아주는증권투자신탁1호(채권혼합)C-W,0,0,0,0,5,채권혼합형,,0.332
IBK자산운용,IBK 2.0배레버리지인덱스증권투자신탁A(주식-파생),8.86,79.67,91.22,93.88,1,파생상품,1,0.683
IBK자산운용,IBK 2.0배레버리지인덱스증권투자신탁C(주식-파생),8.79,79.4,90.57,92.46,1,파생상품,,1.443
IBK자산운용,IBK 2.0배레버리지인덱스증권투자신탁Ce(주식파생),8.83,79.55,90.97,93.4,1,파생상품,,0.943
IBK자산운용,IBK KOSPI200인덱스30증권자투자신탁A[채권혼합],1.61,9.02,10.34,13.58,5,채권혼합형,0.5,0.536
IBK자산운용,IBK KOSPI200인덱스30증권자투자신탁C[채권혼합],1.58,8.93,10.15,13.18,5,채권혼합형,,0.886
IBK자산운용,IBK KOSPI200인덱스30증권자투자신탁Ce[채권혼합],1.61,9,10.3,13.49,5,채권혼합형,,0.611
IBK자산운용,IBK KOSPI200인덱스증권자투자신탁1호(주식)A,5.55,35.81,40.43,48.35,3,주식형,0.5,0.4
IBK자산운용,IBK KOSPI200인덱스증권자투자신탁1호(주식)A-G,5.56,35.82,40.46,48.4,3,주식형,0.37,0.37
IBK자산운용,IBK KOSPI200인덱스증권자투자신탁1호(주식)C,5.53,35.72,40.23,47.92,3,주식형,,0.7
IBK자산운용,IBK KOSPI200인덱스증권자투자신탁1호(주식)C-P,5.53,35.74,40.29,48.03,3,주식형,,0.62
IBK자산운용,IBK KOSPI200인덱스증권자투자신탁1호(주식)C-Pe,5.55,35.79,40.39,48.26,3,주식형,,0.46
IBK자산운용,IBK KOSPI200인덱스증권자투자신탁1호(주식)C-e,5.54,35.77,40.36,48.2,3,주식형,,0.5
IBK자산운용,IBK KOSPI200인덱스증권자투자신탁제1호C-W[주식],5.56,35.84,40.5,48.49,3,주식형,,0.3
IBK자산운용,IBK Save Asset 국공채증권자투자C-W(채권),0.16,0.29,0.12,2.29,5,채권형,,0.177
IBK자산운용,IBK Save Asset 단기채증권자투자신탁C-W(채권),0.2,0.56,1.11,2.36,5,채권형,,0.164
IBK자산운용,IBK Save Asset가치형롱숏증권자투자C-W(채혼),0.74,2.08,2.23,9.46,4,채권혼합형,,0.329
IBK자산운용,IBK Save Asset단기국공채증권자투자C-W[채권],0.11,0.21,0.33,1.23,6,채권형,,0.075
IBK자산운용,IBK Save Asset중소형주코리아20증권자투자C-W[채혼],0.78,5.44,5.37,10.98,4,채권혼합형,,0.345
IBK자산운용,IBK 그랑프리국공채MMF개인투자신탁 제1호C-P국공채,0.02,0.07,0.15,0.51,6,MMF(개인),,0.39
IBK자산운용,IBK 그랑프리국공채증권자투자신탁 C(채권),0.13,0.22,-0.04,1.98,5,채권형,,0.478
IBK자산운용,IBK 그랑프리국공채증권자투자신탁 C-G(채권),0.14,0.23,0,2.06,5,채권형,,0.406
IBK자산운용,IBK 그랑프리국공채증권자투자신탁A-G(채권),0.15,0.25,0.03,2.12,5,채권형,0.15,0.35
IBK자산운용,IBK 그랑프리국공채증권자투자신탁A1(채권),0.14,0.24,0.01,2.07,5,채권형,0.2,0.39
IBK자산운용,IBK 그랑프리국공채증권자투자신탁Ae(채권),0.15,0.26,0.05,2.16,5,채권형,0.1,0.31
IBK자산운용,IBK 그랑프리국공채증권자투자신탁Ce(채권),0.15,0.25,0.04,2.13,5,채권형,,0.334
IBK자산운용,IBK 그랑프리한국대표증권자투자신탁A[주식],6.34,40.07,40.71,56.16,2,주식형,1,1.55
IBK자산운용,IBK 그랑프리한국대표증권자투자신탁Ae[주식],6.39,40.24,41.08,57.04,2,주식형,1,0.955
IBK자산운용,IBK 그랑프리한국대표증권자투자신탁C-P[주식],6.35,40.08,40.74,56.24,2,주식형,,1.5
IBK자산운용,IBK 그랑프리한국대표증권자투자신탁C-Pe[주식],6.38,40.18,40.95,56.73,2,주식형,,1.15
IBK자산운용,IBK 그랑프리한국대표증권자투자신탁C1[주식],6.3,39.9,40.34,55.33,2,주식형,,2.105
IBK자산운용,IBK 그랑프리한국대표증권자투자신탁Ce[주식],6.35,40.09,40.75,56.3,2,주식형,,1.455
IBK자산운용,IBK 베트남 플러스 아시아 증권 투자신탁 A-G[주식],8.42,21.48,30.12,20.95,2,주식형,0.75,1.59
IBK자산운용,IBK 베트남 플러스 아시아 증권 투자신탁 A[주식],8.38,21.34,29.81,20.36,2,주식형,1,2.09
IBK자산운용,IBK 베트남 플러스 아시아 증권 투자신탁 C-G[주식],8.39,21.34,29.81,20.37,2,주식형,,2.09
IBK자산운용,IBK 베트남 플러스 아시아 증권 투자신탁 C-P[주식],8.41,21.44,30.02,20.77,2,주식형,,1.744
IBK자산운용,IBK 베트남 플러스 아시아 증권 투자신탁 C-Pe[주식],8.44,21.53,30.22,21.14,2,주식형,,1.415
IBK자산운용,IBK 베트남 플러스 아시아 증권 투자신탁 C1[주식],8.38,21.32,29.75,20.25,2,주식형,,2.19
IBK자산운용,IBK 베트남 플러스 아시아 증권 투자신탁 Ce[주식],8.38,21.34,29.81,20.36,2,주식형,,2.09
IBK자산운용,IBK 베트남 플러스 아시아 증권 투자신탁[주식]C-W,4.59,4.59,4.59,4.59,2,주식형,,1.09
IBK자산운용,IBK 삼성그룹증권자투자신탁(주식)A,0.11,26.7,31.32,26.36,2,주식형,1,1.323
IBK자산운용,IBK 삼성그룹증권자투자신탁(주식)C1,0.03,26.43,30.77,25.25,2,주식형,,2.223
IBK자산운용,IBK 삼성그룹증권자투자신탁(주식)E,0.08,26.6,31.1,25.93,2,주식형,,1.673
IBK자산운용,IBK 어린이인덱스증권자투자신탁(주식)A,5.54,35.74,40.35,48.25,2,주식형,0.5,0.4
IBK자산운용,IBK 어린이인덱스증권자투자신탁(주식)C,5.54,35.86,40.4,48.14,2,주식형,,0.7
IBK자산운용,IBK 어린이인덱스증권자투자신탁(주식)Ce,5.54,35.72,40.3,48.12,2,주식형,,0.5
IBK자산운용,IBK 인디아 인프라 증권 투자신탁 A[주식],11.14,27.51,30.34,21.77,2,주식형,1,2.09
IBK자산운용,IBK 인디아 인프라 증권 투자신탁 C1[주식],11.14,27.48,30.28,21.66,2,주식형,,2.19
IBK자산운용,IBK 인디아 인프라 증권 투자신탁 Ce[주식],11.14,27.5,30.34,21.77,2,주식형,,2.09
IBK자산운용,IBK 중소형주코리아10증권자투자신탁A[채권혼합],0.44,2.6,2.71,5.17,5,채권혼합형,0.5,0.78
IBK자산운용,IBK 중소형주코리아10증권자투자신탁C-W[채권혼합],0.47,2.7,2.91,5.59,5,채권혼합형,,0.38
IBK자산운용,IBK 중소형주코리아10증권자투자신탁C[채권혼합],0.4,2.5,2.5,4.75,5,채권혼합형,,1.18
IBK자산운용,IBK 중소형주코리아10증권자투자신탁Ce[채권혼합],0.44,2.6,2.71,5.17,5,채권혼합형,,0.78
IBK자산운용,IBK 중소형주코리아30증권자투자신탁A[채권혼합],1.15,7.94,7.42,16.02,4,채권혼합형,0.5,0.836
IBK자산운용,IBK 중소형주코리아30증권자투자신탁C-W[채권혼합],1.18,8.05,7.63,16.47,5,채권혼합형,,0.436
IBK자산운용,IBK 중소형주코리아30증권자투자신탁C1[채권혼합],1.1,7.81,7.15,15.45,4,채권혼합형,,1.336
IBK자산운용,IBK 중소형주코리아30증권자투자신탁Ce[채권혼합],1.14,7.93,7.39,15.96,4,채권혼합형,,0.886
IBK자산운용,IBK 포춘 중국고배당 증권 자투자신탁 2호C-W [주식],10.08,18.81,37.63,74.1,2,주식형,,0.713
IBK자산운용,IBK 한국대표30증권투자신탁A1[채권혼합],2.36,10.86,11.02,16.5,5,채권혼합형,0.5,0.9
IBK자산운용,IBK 한국대표30증권투자신탁Ae[채권혼합],2.38,10.91,11.13,16.73,5,채권혼합형,0.25,0.7
IBK자산운용,IBK 한국대표30증권투자신탁C-W[채권혼합],2.4,10.96,11.24,16.96,5,채권혼합형,,0.52
IBK자산운용,IBK 한국대표30증권투자신탁C[채권혼합],2.32,10.73,10.76,15.95,5,채권혼합형,,1.38
IBK자산운용,IBK 한국대표30증권투자신탁Ce[채권혼합],2.36,10.85,11,16.46,5,채권혼합형,,0.94
IBK자산운용,IBKQ저가사냥증권투자신탁(혼합-재간접형)A,-0.03,0,0,0,3,재간접투자,1,1.074
IBK자산운용,IBKQ저가사냥증권투자신탁(혼합-재간접형)Ae,0,0,0,0,3,재간접투자,0.5,0.799
IBK자산운용,IBKQ저가사냥증권투자신탁(혼합-재간접형)C,-0.06,0,0,0,3,재간접투자,,1.484
IBK자산운용,IBKQ저가사냥증권투자신탁(혼합-재간접형)CPe,0,0,0,0,3,재간접투자,,0.724
IBK자산운용,IBKQ저가사냥증권투자신탁(혼합-재간접형)Ce,-0.02,0,0,0,3,재간접투자,,1.004
IBK자산운용,IBK가치형롱숏40증권자투자신탁A(채권혼합),0.71,1.99,2.05,9.09,5,채권혼합형,0.4,0.678
IBK자산운용,IBK가치형롱숏40증권자투자신탁C(채권혼합),0.68,1.91,1.89,8.75,5,채권혼합형,,0.988
IBK자산운용,IBK가치형롱숏40증권자투자신탁Ce(채권혼합),0.71,1.99,2.05,9.1,5,채권혼합형,,0.663
IBK자산운용,IBK골드마이닝증권자투자신탁1호(주식)A,-3.9,-14.32,-23.44,10.53,2,주식형,1,2.09
IBK자산운용,IBK골드마이닝증권자투자신탁1호(주식)C-P,-3.89,-14.3,-23.4,10.63,2,주식형,,1.99
IBK자산운용,IBK골드마이닝증권자투자신탁1호(주식)C-Pe,-3.85,-14.2,-23.22,11.13,2,주식형,,1.54
IBK자산운용,IBK골드마이닝증권자투자신탁1호(주식)C1,-3.9,-14.34,-23.48,10.42,2,주식형,,2.19
IBK자산운용,IBK골드마이닝증권자투자신탁1호(주식)Ce,-3.89,-14.32,-23.43,10.53,2,주식형,,2.09
IBK자산운용,IBK그랑프리KRX100인덱스증권투자신탁A[주식],5.82,35.29,38.69,45.02,2,주식형,0.5,0.8
IBK자산운용,IBK그랑프리KRX100인덱스증권투자신탁Ae[주식],5.84,35.34,38.8,45.28,2,주식형,0.25,0.61
IBK자산운용,IBK그랑프리KRX100인덱스증권투자신탁C-P[주식],5.79,35.2,38.49,44.6,2,주식형,,1.1
IBK자산운용,IBK그랑프리KRX100인덱스증권투자신탁C-Pe[주식],5.82,35.29,38.7,45.07,2,주식형,,0.76
IBK자산운용,IBK그랑프리KRX100인덱스증권투자신탁C[주식],5.79,35.16,38.39,44.37,2,주식형,,1.26
IBK자산운용,IBK그랑프리KRX100인덱스증권투자신탁Ce[주식],5.81,35.26,38.65,44.95,2,주식형,,0.84
IBK자산운용,IBK그랑프리국공채MMF개인투자신탁제1호C(국공채),0.02,0.07,0.14,0.5,6,MMF(개인),,0.4
IBK자산운용,IBK그랑프리국공채MMF법인투자신탁제1호[국공채]C,0.04,0.13,0.26,0.74,6,MMF(법인),,0.17
IBK자산운용,IBK그랑프리중단기증권자투자신탁(채권)A,0.19,0.47,0.81,2.24,5,채권형,0.32,0.22
IBK자산운용,IBK그랑프리중단기증권자투자신탁(채권)Ae,0.19,0.48,0.83,2.29,5,채권형,0.16,0.17
IBK자산운용,IBK그랑프리중단기증권자투자신탁(채권)C,0.17,0.43,0.72,2.06,5,채권형,,0.4
IBK자산운용,IBK그랑프리중단기증권자투자신탁(채권)C-Pe,0.19,0.47,0.81,2.26,5,채권형,,0.232
IBK자산운용,IBK그랑프리중단기증권자투자신탁(채권)Ce,0.18,0.46,0.79,2.2,5,채권형,,0.26
IBK자산운용,IBK다보스글로벌고배당증권자투자신탁1호(주식)A,5.13,13.34,15.71,21.18,3,주식형,1,1.315
IBK자산운용,IBK다보스글로벌고배당증권자투자신탁1호(주식)C,5.1,13.23,15.49,20.72,3,주식형,,1.715
IBK자산운용,IBK다보스글로벌고배당증권자투자신탁1호(주식)C-W,5.18,13.5,16.04,21.87,3,주식형,,0.715
IBK자산운용,IBK다보스글로벌고배당증권자투자신탁1호(주식)Ce,5.14,13.36,15.76,21.29,3,주식형,,1.215
IBK자산운용,IBK단기국공채공모주증권자투자신탁1호A[채권혼합],0.43,1.31,2.27,3.33,5,채권혼합형,0.4,0.615
IBK자산운용,IBK단기국공채공모주증권자투자신탁1호C[채권혼합],0.41,1.24,2.14,3.07,5,채권혼합형,,0.875
IBK자산운용,IBK단기국공채공모주증권자투자신탁1호Ce[채권혼합],0.43,1.32,2.29,3.38,5,채권혼합형,,0.575
IBK자산운용,IBK단기국공채업코리아20증권자투자신탁(채권혼합)A,1.15,6.02,6.46,8.6,5,채권혼합형,0.5,0.78
IBK자산운용,IBK단기국공채업코리아20증권자투자신탁(채권혼합)C,1.12,5.91,6.24,8.17,5,채권혼합형,,1.18
IBK자산운용,IBK단기국공채업코리아20증권자투자신탁(채권혼합)C-P,1.14,5.97,6.35,8.38,5,채권혼합형,,0.98
IBK자산운용,IBK단기국공채업코리아20증권자투자신탁(채권혼합)C-Pe,1.16,6.04,6.51,8.72,5,채권혼합형,,0.68
IBK자산운용,IBK단기국공채업코리아20증권자투자신탁(채권혼합)Ce,1.15,6.02,6.45,8.6,5,채권혼합형,,0.78
IBK자산운용,IBK단기국공채증권자투자신탁C-G[채권],0.1,0.18,0.27,1.11,6,채권형,,0.2
IBK자산운용,IBK단기국공채증권자투자신탁C-P[채권],0.1,0.18,0.27,1.12,6,채권형,,0.185
IBK자산운용,IBK단기국공채증권자투자신탁C-Pe[채권],0.11,0.2,0.3,1.17,6,채권형,,0.13
IBK자산운용,IBK단기국공채증권자투자신탁C[채권],0.1,0.17,0.24,1.06,6,채권형,,0.24
IBK자산운용,IBK단기국공채증권자투자신탁Ce[채권],0.1,0.19,0.28,1.15,6,채권형,,0.16
IBK자산운용,IBK단기채증권자투자신탁A[채권],0.19,0.53,1.05,2.23,6,채권형,0.04,0.2
IBK자산운용,IBK단기채증권자투자신탁Ae[채권],0.19,0.53,1.06,2.24,6,채권형,0.02,0.19
IBK자산운용,IBK단기채증권자투자신탁C1[채권],0.19,0.52,1.03,2.2,6,채권형,,0.23
IBK자산운용,IBK단기채증권자투자신탁Ce[채권],0.19,0.53,1.05,2.23,6,채권형,,0.2
IBK자산운용,IBK럭셔리라이프스타일증권자투자신탁(주식)A,0.3,21.95,35.34,36.72,3,주식형,1,2.09
IBK자산운용,IBK럭셔리라이프스타일증권자투자신탁(주식)C1,0.29,21.92,35.28,36.6,3,주식형,,2.19
IBK자산운용,IBK럭셔리라이프스타일증권자투자신탁(주식)Ce,0.34,22.06,35.6,37.29,3,주식형,,1.64
IBK자산운용,IBK밸류코리아증권자투자신탁1호(주식)A1,5.76,37.42,38.86,48.98,2,주식형,1,1.34
IBK자산운용,IBK밸류코리아증권자투자신탁1호(주식)Ae,5.78,37.49,39.02,49.33,2,주식형,0.5,1.09
IBK자산운용,IBK밸류코리아증권자투자신탁1호(주식)C,5.72,37.29,38.57,48.32,2,주식형,,1.79
IBK자산운용,IBK밸류코리아증권자투자신탁1호(주식)Ce,5.76,37.41,38.86,48.98,2,주식형,,1.315
IBK자산운용,IBK업코리아증권자투자신탁1호(주식)A,6.25,36.55,39.9,51.29,2,주식형,0.5,1
IBK자산운용,IBK업코리아증권자투자신탁1호(주식)C1,6.2,36.4,39.57,50.58,2,주식형,,1.5
IBK자산운용,IBK업코리아증권자투자신탁1호(주식)Ce,6.24,36.55,39.9,51.29,2,주식형,,1
IBK자산운용,IBK인디아인프라증권투자신탁(주식)C-W,11.21,27.79,30.97,22.95,2,주식형,,1.09
IBK자산운용,IBK중소형주코리아증권자투자신탁(주식)A,3.64,30.55,26.6,60.03,2,주식형,1,1.25
IBK자산운용,IBK중소형주코리아증권자투자신탁(주식)C-G,3.62,30.49,26.47,59.71,2,주식형,,1.48
IBK자산운용,IBK중소형주코리아증권자투자신탁(주식)C1,3.59,30.38,26.25,66.35,2,주식형,,1.85
IBK자산운용,IBK중소형주코리아증권자투자신탁(주식)Ce,3.65,30.59,26.69,60.26,2,주식형,,1.1
IBK자산운용,IBK켄쇼4.0레볼루션증권자투자신탁(H)(주식)A,16.69,47.12,62.02,79.93,2,주식형,1,1.46
IBK자산운용,IBK켄쇼4.0레볼루션증권자투자신탁(H)(주식)Ae,16.72,47.24,62.29,80.55,2,주식형,0.5,1.11
IBK자산운용,IBK켄쇼4.0레볼루션증권자투자신탁(H)(주식)C,16.68,47.05,61.83,79.46,2,주식형,,1.76
IBK자산운용,IBK켄쇼4.0레볼루션증권자투자신탁(H)(주식)C-P,16.7,47.12,61.98,79.8,2,주식형,,1.56
IBK자산운용,IBK켄쇼4.0레볼루션증권자투자신탁(H)(주식)C-Pe,16.72,47.23,62.25,80.46,2,주식형,,1.16
IBK자산운용,IBK켄쇼4.0레볼루션증권자투자신탁(H)(주식)Ce,16.71,47.19,62.17,80.29,2,주식형,,1.26
IBK자산운용,IBK켄쇼4.0레볼루션증권자투자신탁(H)(주식)Cw,-10.16,-10.16,-10.16,-5.04,2,주식형,,0.76
IBK자산운용,IBK평생설계다보스글로벌고배당연금증권(주식)C,5.14,13.34,15.66,20.98,2,주식형,,1.51
IBK자산운용,IBK평생설계다보스글로벌고배당연금증권자(주식)Ce,5.17,13.46,15.91,21.5,2,주식형,,1.06
IBK자산운용,IBK평생설계연금증권전환형자투자신탁(국공채)C,0.13,0.21,-0.04,1.96,5,채권형,,0.495
IBK자산운용,IBK평생설계연금증권전환형자투자신탁(국공채)C-e,0.14,0.25,0.03,2.11,5,채권형,,0.351
IBK자산운용,IBK평생설계연금증권전환형자투자신탁(주식)C,6.23,36.41,39.53,50.5,2,주식형,,1.52
IBK자산운용,IBK평생설계연금증권전환형자투자신탁(주식)Ce,6.27,36.55,39.84,51.16,2,주식형,,1.05
IBK자산운용,IBK평생설계연금증권전환형자투자신탁(주식혼합)C,4.56,23.04,24.56,32.52,3,주식혼합형,,1.36
IBK자산운용,IBK평생설계연금증권전환형자투자신탁(주식혼합)E,4.6,23.16,24.81,33.09,3,주식혼합형,,0.915
IBK자산운용,IBK포춘중국고배당증권자투자신탁(주식)A,10.03,18.64,37.25,68.1,2,주식형,1,1.315
IBK자산운용,IBK포춘중국고배당증권자투자신탁(주식)C,10,18.53,36.99,67.46,2,주식형,,1.715
IBK자산운용,IBK포춘중국고배당증권자투자신탁(주식)C-W,10.08,18.81,37.63,69.05,2,주식형,,0.715
IBK자산운용,IBK포춘중국고배당증권자투자신탁(주식)Ce,10.03,18.66,37.3,68.24,2,주식형,,1.215
IBK자산운용,IBK플레인바닐라EMP증권투자신탁(혼합-재간접형)A,3.45,9.97,7.71,12.47,3,재간접투자,1,1.21
IBK자산운용,IBK플레인바닐라EMP증권투자신탁(혼합-재간접형)Ae,3.48,10.06,7.89,12.86,3,재간접투자,0.5,0.86
IBK자산운용,IBK플레인바닐라EMP증권투자신탁(혼합-재간접형)C,3.43,9.9,7.58,12.2,3,재간접투자,,1.46
IBK자산운용,IBK플레인바닐라EMP증권투자신탁(혼합-재간접형)C-P,3.44,9.95,7.68,12.41,3,재간접투자,,1.27
IBK자산운용,IBK플레인바닐라EMP증권투자신탁(혼합-재간접형)C-Pe,3.47,10.05,7.88,12.83,3,재간접투자,,0.89
IBK자산운용,IBK플레인바닐라EMP증권투자신탁(혼합-재간접형)Ce,3.47,10.03,7.83,12.72,3,재간접투자,,0.985
IBK자산운용,IBK플레인바닐라EMP증권투자신탁(혼합-재간접형)Cw,3.5,10.15,8.08,13.25,3,재간접투자,,0.51
KB 자산운용,KB PIMCO글로벌인컴셀렉션증권자투자신탁H(채권-재간접형)A,0.57,3.76,4.83,3.62,4,재간접투자,0.7,0.72
KB 자산운용,KB PIMCO글로벌인컴셀렉션증권자투자신탁H(채권-재간접형)A-e,0.59,3.81,4.92,3.81,4,재간접투자,0.35,0.535
KB 자산운용,KB PIMCO글로벌인컴셀렉션증권자투자신탁H(채권-재간접형)C,0.54,3.65,4.6,3.18,4,재간접투자,,1.15
KB 자산운용,KB PIMCO글로벌인컴셀렉션증권자투자신탁H(채권-재간접형)C-P,0.55,3.68,4.67,3.3,4,재간접투자,,1.03
KB 자산운용,KB PIMCO글로벌인컴셀렉션증권자투자신탁H(채권-재간접형)C-Pe,0.58,3.77,4.84,3.65,4,재간접투자,,0.69
KB 자산운용,KB PIMCO글로벌인컴셀렉션증권자투자신탁H(채권-재간접형)C-e,0.57,3.76,4.81,3.59,4,재간접투자,,0.75
KB 자산운용,KB가치배당20증권자투자신탁(채권혼합)A,0.38,3.72,4.59,6.21,4,채권혼합형,0.6,0.81
KB 자산운용,KB가치배당20증권자투자신탁(채권혼합)C,0.34,3.61,4.37,5.75,4,채권혼합형,,1.24
KB 자산운용,KB가치배당20증권자투자신탁(채권혼합)C-W,0.39,3.81,4.79,6.62,4,채권혼합형,,0.4
KB 자산운용,KB가치배당20증권자투자신탁(채권혼합)Ce,0.38,3.72,4.59,6.2,4,채권혼합형,,0.82
KB 자산운용,KB가치배당40증권자투자신탁(채권혼합)A,0.7,7.55,9.43,11.88,4,채권혼합형,0.7,0.955
KB 자산운용,KB가치배당40증권자투자신탁(채권혼합)C,0.66,7.42,9.17,11.34,4,채권혼합형,,1.445
KB 자산운용,KB가치배당40증권자투자신탁(채권혼합)C-W,0.74,7.67,9.67,12.39,4,채권혼합형,,0.505
KB 자산운용,KB가치배당40증권자투자신탁(채권혼합)Ce,0.7,7.55,9.42,11.86,4,채권혼합형,,0.975
KB 자산운용,KB북미생산유전고배당특별자산(인프라재간접A,18.35,53.19,27.88,-20.28,1,특별자산투자,,1.455
KB 자산운용,KB스타미국S&P500인덱스증권A(주식-파생형),2,13.11,15.53,13.76,2,파생상품,0.8,0.9
KB 자산운용,KB스타미국S&P500인덱스증권C(주식-파생형),1.94,12.91,15.12,12.93,2,파생상품,,1.65
KB 자산운용,KB스타미국S&P500인덱스증권C-W(주식-파생형),2.03,13.2,15.73,14.14,2,파생상품,,0.55
KB 자산운용,KB스타미국S&P500인덱스증권Ce(주식-파생형),2,13.08,15.48,13.65,2,파생상품,,1
KB 자산운용,KB스타미국나스닥100인덱스증권자투자신탁(주식-파생형)A,4.08,0,0,0,2,파생상품,0.8,0.9
KB 자산운용,KB스타미국나스닥100인덱스증권자투자신탁(주식-파생형)Ae,4.1,0,0,0,2,파생상품,0.4,0.725
KB 자산운용,KB스타미국나스닥100인덱스증권자투자신탁(주식-파생형)C,4.03,0,0,0,2,파생상품,,1.55
KB 자산운용,KB스타미국나스닥100인덱스증권자투자신탁(주식-파생형)CP,4.04,0,0,0,2,파생상품,,1.35
KB 자산운용,KB스타미국나스닥100인덱스증권자투자신탁(주식-파생형)CPe,4.08,0,0,0,2,파생상품,,0.95
KB 자산운용,KB스타미국나스닥100인덱스증권자투자신탁(주식-파생형)CW,4.11,0,0,0,2,파생상품,,0.55
KB 자산운용,KB스타미국나스닥100인덱스증권자투자신탁(주식-파생형)Ce,4.07,0,0,0,2,파생상품,,1
KB 자산운용,KB스타유로인덱스증권자투자신탁(주식-파생형)A,1.39,16.41,11.06,0.87,2,파생상품,0.8,0.9
KB 자산운용,KB스타유로인덱스증권자투자신탁(주식-파생형)A-E,1.4,16.46,11.15,1.05,2,파생상품,0.4,0.73
KB 자산운용,KB스타유로인덱스증권자투자신탁(주식-파생형)C,1.32,16.21,10.64,0.08,2,파생상품,,1.66
KB 자산운용,KB스타유로인덱스증권자투자신탁(주식-파생형)C-E,1.38,16.38,11,0.77,2,파생상품,,1
KB 자산운용,KB스타유로인덱스증권자투자신탁(주식-파생형)C-W,1.41,16.51,11.25,1.23,2,파생상품,,0.56
KB 자산운용,KB스타이머징인덱스증권자투자신탁(주식-파생형)A,7.62,22.65,27.1,29.14,2,파생상품,0.8,0.88
KB 자산운용,KB스타이머징인덱스증권자투자신탁(주식-파생형)A-E,7.63,22.7,27.21,29.36,2,파생상품,0.4,0.71
KB 자산운용,KB스타이머징인덱스증권자투자신탁(주식-파생형)C,7.56,22.46,26.7,28.31,2,파생상품,,1.54
KB 자산운용,KB스타이머징인덱스증권자투자신탁(주식-파생형)C-E,7.61,22.62,27.04,29.01,2,파생상품,,0.98
KB 자산운용,KB연금유로인덱스증권자투자신탁(주식-파생형)C,1.27,16.27,10.85,0.94,3,파생상품,,1.233
KB 자산운용,KB연금유로인덱스증권자투자신탁(주식-파생형)C-E,1.3,16.37,11.06,1.33,3,파생상품,,0.833
KB 자산운용,KB연금이머징인덱스증권자투자신탁(주식-파생형)C,7.59,22.55,26.9,28.74,2,주식형,,1.233
KB 자산운용,KB연금이머징인덱스증권자투자신탁(주식-파생형)C-E,7.62,22.66,27.14,29.24,2,주식형,,0.833
KB 자산운용,KB온국민TDF2025증권투자신탁(채권혼합-재간접형)A,0.84,6.86,7.57,8.66,4,재간접투자,0.5,0.445
KB 자산운용,KB온국민TDF2025증권투자신탁(채권혼합-재간접형)Ae,0.85,6.88,7.61,8.75,4,재간접투자,0.25,0.355
KB 자산운용,KB온국민TDF2025증권투자신탁(채권혼합-재간접형)C,0.81,6.77,7.39,7.59,4,재간접투자,,0.785
KB 자산운용,KB온국민TDF2025증권투자신탁(채권혼합-재간접형)C-P,0.82,6.79,7.44,8.41,4,재간접투자,,0.675
KB 자산운용,KB온국민TDF2025증권투자신탁(채권혼합-재간접형)C-Pe,0.84,6.85,7.55,8.63,4,재간접투자,,0.47
KB 자산운용,KB온국민TDF2025증권투자신탁(채권혼합-재간접형)C-W,0.86,6.91,5.45,5.45,4,재간접투자,,0.265
KB 자산운용,KB온국민TDF2025증권투자신탁(채권혼합-재간접형)Ce,0.83,6.83,7.52,8.57,4,재간접투자,,0.525
KB 자산운용,KB온국민TDF2030증권투자신탁(주식혼합-재간접형)A,1.25,8.41,9.41,8.87,4,재간접투자,0.7,0.445
KB 자산운용,KB온국민TDF2030증권투자신탁(주식혼합-재간접형)Ae,1.26,8.43,9.46,8.82,4,재간접투자,0.35,0.355
KB 자산운용,KB온국민TDF2030증권투자신탁(주식혼합-재간접형)C,1.22,8.32,9.23,8.87,4,재간접투자,,0.785
KB 자산운용,KB온국민TDF2030증권투자신탁(주식혼합-재간접형)C-P,1.23,8.35,9.29,8.85,4,재간접투자,,0.675
KB 자산운용,KB온국민TDF2030증권투자신탁(주식혼합-재간접형)C-Pe,1.25,8.4,9.4,9.73,4,재간접투자,,0.47
KB 자산운용,KB온국민TDF2030증권투자신탁(주식혼합-재간접형)Ce,1.24,8.39,9.37,8.82,4,재간접투자,,0.525
KB 자산운용,KB온국민TDF2035증권투자신탁(주식혼합-재간접형)A,1.65,10.57,11.84,11.27,3,재간접투자,0.7,0.715
KB 자산운용,KB온국민TDF2035증권투자신탁(주식혼합-재간접형)Ae,1.67,10.63,11.95,11.22,3,재간접투자,0.35,0.515
KB 자산운용,KB온국민TDF2035증권투자신탁(주식혼합-재간접형)C,1.62,10.48,11.66,11.41,3,재간접투자,,1.055
KB 자산운용,KB온국민TDF2035증권투자신탁(주식혼합-재간접형)C-P,1.64,10.52,11.74,11.57,3,재간접투자,,0.905
KB 자산운용,KB온국민TDF2035증권투자신탁(주식혼합-재간접형)C-Pe,1.66,10.6,11.9,11.9,3,재간접투자,,0.61
KB 자산운용,KB온국민TDF2035증권투자신탁(주식혼합-재간접형)Ce,1.65,10.58,11.86,11.22,3,재간접투자,,0.685
KB 자산운용,KB온국민TDF2040증권투자신탁(주식혼합-재간접형)A,2.13,12.95,14.74,14.29,3,재간접투자,0.7,0.985
KB 자산운용,KB온국민TDF2040증권투자신탁(주식혼합-재간접형)Ae,2.15,13.03,14.92,14.3,3,재간접투자,0.35,0.675
KB 자산운용,KB온국민TDF2040증권투자신탁(주식혼합-재간접형)C,2.1,12.86,14.55,14.18,3,재간접투자,,1.325
KB 자산운용,KB온국민TDF2040증권투자신탁(주식혼합-재간접형)C-P,2.11,12.91,14.67,14.4,3,재간접투자,,1.125
KB 자산운용,KB온국민TDF2040증권투자신탁(주식혼합-재간접형)C-Pe,2.14,13.01,14.88,14.83,3,재간접투자,,0.745
KB 자산운용,KB온국민TDF2040증권투자신탁(주식혼합-재간접형)C-W,2.18,13.15,15.2,17.01,3,재간접투자,,0.365
KB 자산운용,KB온국민TDF2040증권투자신탁(주식혼합-재간접형)Ce,2.14,12.99,14.82,14.3,3,재간접투자,,0.845
KB 자산운용,KB온국민TDF2045증권투자신탁(주식혼합-재간접형)A,2.59,15.23,17.34,15.24,2,재간접투자,0.7,0.985
KB 자산운용,KB온국민TDF2045증권투자신탁(주식혼합-재간접형)Ae,2.61,15.32,17.52,15.24,2,재간접투자,0.35,0.675
KB 자산운용,KB온국민TDF2045증권투자신탁(주식혼합-재간접형)C,2.56,15.14,17.15,15.16,2,재간접투자,,1.325
KB 자산운용,KB온국민TDF2045증권투자신탁(주식혼합-재간접형)C-P,2.57,15.19,17.26,15.39,2,재간접투자,,1.125
KB 자산운용,KB온국민TDF2045증권투자신탁(주식혼합-재간접형)C-Pe,2.6,15.3,17.48,15.82,2,재간접투자,,0.745
KB 자산운용,KB온국민TDF2045증권투자신탁(주식혼합-재간접형)C-W,2.64,15.42,17.73,16.36,2,재간접투자,,0.365
KB 자산운용,KB온국민TDF2045증권투자신탁(주식혼합-재간접형)Ce,2.6,15.27,17.42,15.71,2,재간접투자,,0.845
KB 자산운용,KB중소형주포커스증권자투자신탁(주식)A,-0.35,14.24,16.34,23.9,2,주식형,1,1.46
KB 자산운용,KB중소형주포커스증권자투자신탁(주식)A-G,-0.33,14.29,16.46,24.17,2,주식형,0.7,1.25
KB 자산운용,KB중소형주포커스증권자투자신탁(주식)C,-0.4,14.07,16,23.15,2,주식형,,2.06
KB 자산운용,KB중소형주포커스증권자투자신탁(주식)C-E,-0.36,14.2,16.25,23.72,2,주식형,,1.61
KB 자산운용,KB중소형주포커스증권자투자신탁(주식)C-G,-0.35,14.24,16.34,23.91,2,주식형,,1.46
KB 자산운용,KB중소형주포커스증권자투자신탁(주식)C-W,-0.29,13.16,15.44,23.42,2,주식형,,0.76
KTB자산운용,KTB VIP스타셀렉션증권자투자신탁(주식)A,4.16,31.58,37.96,80.17,2,주식형,1,1.43
KTB자산운용,KTB VIP스타셀렉션증권자투자신탁(주식)Ce,4.15,31.47,37.77,79.78,2,주식형,,1.63
KTB자산운용,KTB공모주10증권투자신탁[채권혼합]A,0.09,1.67,0,0,5,채권혼합형,0.4,0.8
KTB자산운용,KTB공모주10증권투자신탁[채권혼합]Ae,0.11,1.72,0,0,5,채권혼합형,0.2,0.6
KTB자산운용,KTB공모주10증권투자신탁[채권혼합]C,0.06,1.57,0,0,5,채권혼합형,,1.2
KTB자산운용,KTB공모주10증권투자신탁[채권혼합]CW,0.12,0.36,0,0,5,채권혼합형,,0.4
KTB자산운용,KTB공모주10증권투자신탁[채권혼합]Ce,0.09,1.67,0,0,5,채권혼합형,,0.8
KTB자산운용,KTB글로벌4차산업1등주증권투자신탁(주식)A,7.27,16.78,18.81,47.06,2,주식형,1,1.44
KTB자산운용,KTB글로벌4차산업1등주증권투자신탁(주식)Ae,7.3,16.87,19.01,47.53,2,주식형,0.5,1.09
KTB자산운용,KTB글로벌4차산업1등주증권투자신탁(주식)C,7.23,16.61,18.47,46.22,2,주식형,,2.04
KTB자산운용,KTB글로벌4차산업1등주증권투자신탁(주식)C-P,7.26,16.72,18.7,46.78,2,주식형,,1.64
KTB자산운용,KTB글로벌4차산업1등주증권투자신탁(주식)C-Pe,7.29,16.84,18.96,47.4,2,주식형,,1.19
KTB자산운용,KTB글로벌4차산업1등주증권투자신탁(주식)Ce,7.29,16.83,18.93,47.33,2,주식형,,1.24
KTB자산운용,KTB글로벌멀티에셋인컴EMP증권투자신탁(혼합-재간접형)A,2.54,9.15,8.33,0,3,재간접투자,1,1.147
KTB자산운용,KTB글로벌멀티에셋인컴EMP증권투자신탁(혼합-재간접형)Ae,2.57,9.23,8.98,0,3,재간접투자,0.5,0.827
KTB자산운용,KTB글로벌멀티에셋인컴EMP증권투자신탁(혼합-재간접형)C,2.52,9.07,8.44,0,3,재간접투자,,1.407
KTB자산운용,KTB글로벌멀티에셋인컴EMP증권투자신탁(혼합-재간접형)C-P,2.53,9.1,8.72,0,3,재간접투자,,1.307
KTB자산운용,KTB글로벌멀티에셋인컴EMP증권투자신탁(혼합-재간접형)C-Pe,2.56,9.21,8.94,0,3,재간접투자,,0.907
KTB자산운용,KTB글로벌멀티에셋인컴EMP증권투자신탁(혼합-재간접형)CW,2.6,9.32,9.15,0,3,재간접투자,,0.507
KTB자산운용,KTB글로벌멀티에셋인컴EMP증권투자신탁(혼합-재간접형)Ce,2.56,9.2,8.91,0,3,재간접투자,,0.957
KTB자산운용,KTB마켓스타증권투자신탁A(주식),6.25,33.87,34.95,48.48,2,주식형,1,1.3
KTB자산운용,KTB마켓스타증권투자신탁C(주식),6.17,33.6,34.37,47.19,2,주식형,,2.22
KTB자산운용,KTB마켓스타증권투자신탁Ce(주식),6.22,33.75,34.7,47.9,2,주식형,,1.72
KTB자산운용,KTB스마트증권투자신탁[채권혼합]A,0.33,2.29,1.47,-10.33,4,채권혼합형,0.5,1.077
KTB자산운용,KTB스마트증권투자신탁[채권혼합]Ae,0.35,2.37,1.63,-10.04,4,채권혼합형,0.25,0.757
KTB자산운용,KTB스마트증권투자신탁[채권혼합]C,0.3,2.22,1.33,-10.58,4,채권혼합형,,1.347
KTB자산운용,KTB스마트증권투자신탁[채권혼합]Ce,0.34,2.34,1.56,-10.16,4,채권혼합형,,0.897
KTB자산운용,KTB코스닥벤처증권투자신탁2호(주식혼합)A,-3.48,18.16,16.41,48.38,2,주식혼합형,1,1.145
KTB자산운용,KTB코스닥벤처증권투자신탁2호(주식혼합)Ae,-3.45,18.23,16.56,48.73,2,주식혼합형,0.5,0.895
KTB자산운용,KTB코스닥벤처증권투자신탁2호(주식혼합)Ag,0,0,0,10.83,2,주식혼합형,0.5,0.995
KTB자산운용,KTB코스닥벤처증권투자신탁2호(주식혼합)C,-3.51,18.05,16.18,47.82,2,주식혼합형,,1.545
KTB자산운용,KTB코스닥벤처증권투자신탁2호(주식혼합)Ce,-3.47,18.18,16.44,48.45,2,주식혼합형,,1.095
NH-Amundi자산운용,NH-Amundi 모아모아15증권투자신탁A(채권혼합),0.72,3.4,3.59,6.27,5,채권혼합형,0.4,0.283
NH-Amundi자산운용,NH-Amundi 모아모아15증권투자신탁C(채권혼합),0.69,3.32,3.43,5.95,5,채권혼합형,,0.583
NH-Amundi자산운용,NH-Amundi 모아모아15증권투자신탁Ce(채권혼합),0.71,3.37,3.54,6.16,5,채권혼합형,,0.383
NH-Amundi자산운용,NH-Amundi1.5배레버리지인덱스증권투자신[주식파생]Ce,6.58,56.16,64.02,70.41,1,파생상품,,1.105
NH-Amundi자산운용,NH-Amundi1.5배레버리지인덱스증권투자신탁[주식파생A,6.6,56.26,64.22,70.84,1,파생상품,1,0.845
NH-Amundi자산운용,NH-Amundi1.5배레버리지인덱스증권투자신탁[주식파생C,6.54,56.01,63.67,69.58,1,파생상품,,1.605
NH-Amundi자산운용,NH-Amundi100년기업그린코리아증권투자신탁(주식)A,4.8,0,0,0,2,주식형,1,1.145
NH-Amundi자산운용,NH-Amundi100년기업그린코리아증권투자신탁(주식)Ae,4.83,0,0,0,2,주식형,0.5,0.845
NH-Amundi자산운용,NH-Amundi100년기업그린코리아증권투자신탁(주식)C,4.78,0,0,0,2,주식형,,1.445
NH-Amundi자산운용,NH-Amundi100년기업그린코리아증권투자신탁(주식)CP1,4.82,0,0,0,2,주식형,,1.025
NH-Amundi자산운용,NH-Amundi100년기업그린코리아증권투자신탁(주식)CP1e,4.83,0,0,0,2,주식형,,0.785
NH-Amundi자산운용,NH-Amundi100년기업그린코리아증권투자신탁(주식)CW,4.86,0,0,0,2,주식형,,0.545
NH-Amundi자산운용,NH-Amundi100년기업그린코리아증권투자신탁(주식)Ce,4.82,0,0,0,2,주식형,,0.995
NH-Amundi자산운용,NH-AmundiAllset국채10년인덱스증권자투자신탁CW(채권,-0.16,-1.32,-3.08,0.18,5,채권형,,0.12
NH-Amundi자산운용,NH-Amundit모아모아15증권투자신탁C-W(채권혼합),0.72,3.42,3.64,6.37,5,채권혼합형,,0.183
NH-Amundi자산운용,NH-Amundi국채10년인덱스자투자신탁C-P1(채권),-0.18,-1.38,-3.21,-0.07,5,채권형,,0.37
NH-Amundi자산운용,NH-Amundi국채10년인덱스자투자신탁C-P1e(채권),-0.17,-1.35,-3.15,0.06,5,채권형,,0.245
NH-Amundi자산운용,NH-Amundi국채10년인덱스증권자투자신탁A(채권),-0.17,-1.36,-3.15,0.04,5,채권형,0.3,0.26
NH-Amundi자산운용,NH-Amundi국채10년인덱스증권자투자신탁C(채권),-0.2,-1.43,-3.31,-0.27,5,채권형,,0.57
NH-Amundi자산운용,NH-Amundi국채10년인덱스증권자투자신탁Ce(채권,-0.17,-1.36,-3.16,0.03,5,채권형,,0.27
NH-Amundi자산운용,NH-Amundi글로벌후순위채증권자(채권혼합-재간접)(H)A,0.43,6.31,9.14,3.48,3,재간접투자,0.8,0.945
NH-Amundi자산운용,NH-Amundi글로벌후순위채증권자(채권혼합-재간접)(H)Ae,0.45,6.38,9.28,3.74,3,재간접투자,0.4,0.695
NH-Amundi자산운용,NH-Amundi글로벌후순위채증권자(채권혼합-재간접)(H)C,0.4,6.23,8.98,3.16,3,재간접투자,,1.245
NH-Amundi자산운용,NH-Amundi글로벌후순위채증권자(채권혼합-재간접)(H)C-P1,0.43,6.32,9.17,3.53,3,재간접투자,,0.895
NH-Amundi자산운용,NH-Amundi글로벌후순위채증권자(채권혼합-재간접)(H)C-P1e,0.45,6.38,9.29,3.76,3,재간접투자,,0.67
NH-Amundi자산운용,NH-Amundi글로벌후순위채증권자(채권혼합-재간접)(H)Ce,0.44,6.34,9.2,3.58,3,재간접투자,,0.845
NH-Amundi자산운용,NH-Amundi리버스인덱스증권투자신탁[주식파생]A,-4.76,-26.79,-30.18,-35.93,1,파생상품,0.8,0.683
NH-Amundi자산운용,NH-Amundi리버스인덱스증권투자신탁[주식파생]Ae,-4.75,-26.76,-30.13,-35.84,1,파생상품,0.4,0.558
NH-Amundi자산운용,NH-Amundi리버스인덱스증권투자신탁[주식파생]C,-4.82,-26.91,-30.4,-36.31,1,파생상품,,1.233
NH-Amundi자산운용,NH-Amundi리버스인덱스증권투자신탁[주식파생]Ce,-4.78,-26.82,-30.24,-36.03,1,파생상품,,0.833
NH-Amundi자산운용,NH-Amundi법인MMF8호,0.05,0.15,0.32,0.85,6,MMF(법인),,0.1
NH-Amundi자산운용,NH-Amundi스마트인베스터5.0분할매수증권투자신탁(주혼-재간접)A,3.27,13.97,17.21,21.25,3,재간접투자,0.8,0.833
NH-Amundi자산운용,NH-Amundi스마트인베스터5.0분할매수증권투자신탁(주혼-재간접)C,3.24,13.86,16.61,20.37,3,재간접투자,,1.233
NH-Amundi자산운용,NH-Amundi스마트인베스터5.0분할매수증권투자신탁(주혼-재간접Ae,3.29,14.02,17.33,21.5,3,재간접투자,0.4,0.633
NH-Amundi자산운용,NH-Amundi스마트인베스터5.0분할매수증권투자신탁(주혼-재간접Ce,3.27,13.97,17.21,21.25,3,재간접투자,,0.833
NH-Amundi자산운용,NH-Amundi스마트인베스터5.0분할매수증권투자신탁(주혼재간접CP1,3.28,13.99,17.27,21.37,3,재간접투자,,0.733
NH-Amundi자산운용,NH-Amundi스마트인베스터5.0분할매수증권투자신탁주혼재간접CP1e,3.29,14.03,17.36,21.56,3,재간접투자,,0.583
NH-Amundi자산운용,NH-Amundi아이사랑적립증권투자신탁1호(주식)A,4.44,35.89,40.12,57.24,2,주식형,1,1.047
NH-Amundi자산운용,NH-Amundi아이사랑적립증권투자신탁1호(주식)C1,4.45,37.3,41.71,61.09,2,주식형,,2.047
NH-Amundi자산운용,NH-Amundi아이사랑적립증권투자신탁1호(주식)Ce,4.43,35.9,40.1,57.16,2,주식형,,1.147
NH-Amundi자산운용,NH-Amundi필승코리아증권투자신탁(주식)A,4.18,38.47,34.15,66.65,2,주식형,0.5,0.877
NH-Amundi자산운용,NH-Amundi필승코리아증권투자신탁(주식)Ae,4.2,38.52,34.25,66.91,2,주식형,0.25,0.707
NH-Amundi자산운용,NH-Amundi필승코리아증권투자신탁(주식)C,4.17,38.43,34.05,66.44,2,주식형,,1.037
NH-Amundi자산운용,NH-Amundi필승코리아증권투자신탁(주식)C-P1,4.19,38.54,34.23,66.84,2,주식형,,0.807
NH-Amundi자산운용,NH-Amundi필승코리아증권투자신탁(주식)C-P1e,4.2,38.53,34.27,66.97,2,주식형,,0.672
NH-Amundi자산운용,NH-Amundi필승코리아증권투자신탁(주식)Ce,4.19,38.49,34.19,66.78,2,주식형,,0.787
NH-Amundi자산운용,NH-Amundi필승코리아증권투자신탁(주식)Cw,4.22,38.64,34.42,67.25,2,주식형,,0.537
NH-Amundi자산운용,NH-Amundi하나로단기채증권투자신탁(채권)A,0.18,0.45,0,0,5,채권형,0.1,0.295
NH-Amundi자산운용,NH-Amundi하나로단기채증권투자신탁(채권)A2,0.19,0.49,0.84,1.84,5,채권형,0.3,0.145
NH-Amundi자산운용,NH-Amundi하나로단기채증권투자신탁(채권)Ae,0.19,0.48,0.81,1.79,5,채권형,0.05,0.195
NH-Amundi자산운용,NH-Amundi하나로단기채증권투자신탁(채권)C,0.17,0.43,0.71,1.59,5,채권형,,0.395
NH-Amundi자산운용,NH-Amundi하나로단기채증권투자신탁(채권)C-P1,0.18,0.46,0.77,1.7,5,채권형,,0.285
NH-Amundi자산운용,NH-Amundi하나로단기채증권투자신탁(채권)C-P1e,0.19,0.48,0.82,1.8,5,채권형,,0.19
NH-Amundi자산운용,NH-Amundi하나로단기채증권투자신탁(채권)Ce,0.18,0.46,0.79,1.74,5,채권형,,0.245
NH-Amundi자산운용,NH-Amundi하나로단기채증권투자신탁(채권)Cw,0.2,0.5,-0.82,0.19,5,채권형,,0.095
교보악사자산운용,교보악사Tomorrow장기우량증권K-1호(채권)C-W,0.22,0.37,0.17,2.48,5,채권형,,0.119
교보악사자산운용,교보악사Tomorrow장기우량증권투자신탁K-1호(채권)C-P2,0.2,0.31,0.04,2.23,5,채권형,,0.369
교보악사자산운용,교보악사Tomorrow장기우량증권투자신탁K-1호(채권)C-P2e,0.21,0.34,0.11,2.36,5,채권형,,0.239
교보악사자산운용,교보악사Tomorrow장기우량증권투자신탁K-1호(채권A2,0.21,0.32,0.07,2.28,5,채권형,0.3,0.319
교보악사자산운용,교보악사Tomorrow장기우량증권투자신탁K-1호(채권C1,0.2,0.29,0.02,2.17,5,채권형,,0.419
교보악사자산운용,교보악사Tomorrow장기우량증권투자신탁K-1호(채권CE,0.21,0.33,0.09,2.33,5,채권형,,0.269
교보악사자산운용,교보악사그린디지털증권자투자신탁(주식)A1,5.75,34.7,38.14,39.67,2,주식형,1,0.92
교보악사자산운용,교보악사그린디지털증권자투자신탁(주식)Ce,5.77,34.75,38.25,39.9,2,주식형,,0.75
교보악사자산운용,교보악사파워글로벌인덱스증권자1호(H)[주식혼합-파생형]C,2.91,19.63,21.85,21.66,3,파생상품,,1.62
교보악사자산운용,교보악사파워글로벌인덱스증권자1호(H)[주혼-파생]C-PE,2.96,19.8,22.21,22.41,3,파생상품,,1.02
교보악사자산운용,교보악사파워글로벌인덱스증권자1호(H)[주혼-파생형]A,2.93,19.71,22.03,22.09,3,파생상품,1,1.32
교보악사자산운용,교보악사파워글로벌인덱스증권자1호(H)[주혼-파생형]A-E,2.96,19.79,22.21,22.43,3,파생상품,0.5,1.02
교보악사자산운용,교보악사파워글로벌인덱스증권자1호(H)[주혼-파생형]C-E,2.95,19.75,22.12,22.25,3,파생상품,,1.17
교보악사자산운용,교보악사파워글로벌인덱스증권자1호(H)[주혼-파생형]C-P,2.93,19.72,22.03,22.04,3,파생상품,,1.32
교보악사자산운용,교보악사파워인덱스증권투자신탁1호(주식-파생형)A,4.87,35.9,40.82,47.43,2,파생상품,1,0.76
교보악사자산운용,교보악사파워인덱스증권투자신탁1호(주식-파생형)Ae,4.91,36.04,41.12,48.08,2,파생상품,0.5,0.3
교보악사자산운용,교보악사파워인덱스증권투자신탁1호(주식-파생형)C,4.83,35.79,40.56,46.86,2,파생상품,,1.16
교보악사자산운용,교보악사파워인덱스증권투자신탁1호(주식-파생형)C-P2,4.88,35.94,40.89,47.56,2,파생상품,,0.659
교보악사자산운용,교보악사파워인덱스증권투자신탁1호(주식-파생형)C-P2e,4.9,36.01,41.05,47.93,2,파생상품,,0.409
교보악사자산운용,교보악사파워인덱스증권투자신탁1호(주식-파생형)C-W,4.92,36.08,41.22,48.28,2,파생상품,,0.159
교보악사자산운용,교보악사파워인덱스증권투자신탁1호(주식-파생형)Ce,4.88,35.93,40.88,47.56,2,파생상품,,0.66
대신자산운용,대신국공채법인MMF 제B2호 Class C,0.03,0.08,0.16,0.53,6,MMF(법인),,0.36
마이다스에셋자산운용,마이다스 신성장기업포커스증권투자신탁(주식)A1,6.01,33.73,31.97,60.79,2,주식형,1,1.6
마이다스에셋자산운용,마이다스 신성장기업포커스증권투자신탁(주식)C-P1,6.02,33.75,32,60.89,2,주식형,,1.54
마이다스에셋자산운용,마이다스 신성장기업포커스증권투자신탁(주식)C-Pe1,6.06,33.87,32.25,61.56,2,주식형,,1.12
마이다스에셋자산운용,마이다스 신성장기업포커스증권투자신탁(주식)C-W,6.09,34,31.98,61.54,2,주식형,,0.7
마이다스에셋자산운용,마이다스 신성장기업포커스증권투자신탁(주식)C1,5.96,33.55,31.58,59.89,2,주식형,,2.2
마이다스에셋자산운용,마이다스 신성장기업포커스증권투자신탁(주식)Ce,6.01,33.73,31.96,60.8,2,주식형,,1.6
마이다스에셋자산운용,마이다스거북이50증권자투자신탁1호A(주식혼합),1.68,8.45,5.97,13.08,5,주식혼합형,0.5,0.89
마이다스에셋자산운용,마이다스거북이50증권자투자신탁1호C(주식혼합),1.65,8.35,5.76,12.63,5,주식혼합형,,1.29
마이다스에셋자산운용,마이다스거북이50증권자투자신탁1호C-W(주식혼합),1.72,8.57,6.21,13.58,5,주식혼합형,,0.44
마이다스에셋자산운용,마이다스거북이50증권자투자신탁1호Ce(주식혼합),1.69,8.45,5.98,13.1,5,주식혼합형,,0.865
마이다스에셋자산운용,마이다스단기국공채공모주증권투자신탁A-G[채권혼합],0.16,0.46,0.37,0,5,채권혼합형,0.42,0.58
마이다스에셋자산운용,마이다스단기국공채공모주증권투자신탁A[채권혼합],0.15,0.43,0.07,3.1,5,채권혼합형,0.6,0.685
마이다스에셋자산운용,마이다스단기국공채공모주증권투자신탁C-G[채권혼합],0.15,0.42,0.36,0.36,5,채권혼합형,,0.755
마이다스에셋자산운용,마이다스단기국공채공모주증권투자신탁C-W[채권혼합],0.18,0.52,0.24,3.46,5,채권혼합형,,0.335
마이다스에셋자산운용,마이다스단기국공채공모주증권투자신탁C[채권혼합],0.13,0.37,-0.06,2.84,5,채권혼합형,,0.935
마이다스에셋자산운용,마이다스단기국공채공모주증권투자신탁Ce[채권혼합],0.16,0.45,0.09,3.15,5,채권혼합형,,0.635
마이다스에셋자산운용,마이다스아시아리더스성장주증권자투자신탁H(주식)A,11.2,0,0,0,2,주식형,1,1.77
마이다스에셋자산운용,마이다스아시아리더스성장주증권자투자신탁H(주식)Ae,11.23,0,0,0,2,주식형,0.5,1.37
마이다스에셋자산운용,마이다스아시아리더스성장주증권자투자신탁H(주식)C1,11.16,0,0,0,2,주식형,,2.27
마이다스에셋자산운용,마이다스아시아리더스성장주증권자투자신탁H(주식)CP1,11.2,0,0,0,2,주식형,,1.81
마이다스에셋자산운용,마이다스아시아리더스성장주증권자투자신탁H(주식)CPe1,11.24,0,0,0,2,주식형,,1.27
마이다스에셋자산운용,마이다스아시아리더스성장주증권자투자신탁H(주식)Ce,11.22,0,0,0,2,주식형,,1.47
마이다스에셋자산운용,마이다스아시아리더스성장주증권자투자신탁H(주식)W,11.27,0,0,0,2,주식형,,0.97
마이다스에셋자산운용,마이다스아시아리더스성장주증권자투자신탁UH(주식)A,12.51,0,0,0,2,주식형,1,1.77
마이다스에셋자산운용,마이다스아시아리더스성장주증권자투자신탁UH(주식)Ae,12.54,0,0,0,2,주식형,0.5,1.37
마이다스에셋자산운용,마이다스아시아리더스성장주증권자투자신탁UH(주식)C1,12.45,0,0,0,2,주식형,,2.27
마이다스에셋자산운용,마이다스아시아리더스성장주증권자투자신탁UH(주식)CP1,12.49,0,0,0,2,주식형,,1.81
마이다스에셋자산운용,마이다스아시아리더스성장주증권자투자신탁UH(주식)CPe1,12.53,0,0,0,2,주식형,,1.27
마이다스에셋자산운용,마이다스아시아리더스성장주증권자투자신탁UH(주식)Ce,12.52,0,0,0,2,주식형,,1.47
마이다스에셋자산운용,마이다스우량채권증권자투자신탁제1호(채권)A,0.25,0.77,0,0,5,채권형,0.2,0.31
마이다스에셋자산운용,마이다스우량채권증권자투자신탁제1호(채권)A2,0.27,0.81,1.11,1.11,5,채권형,0.4,0.16
마이다스에셋자산운용,마이다스우량채권증권자투자신탁제1호(채권)Ae,0.26,0.8,1.22,3.18,5,채권형,0.1,0.21
마이다스에셋자산운용,마이다스우량채권증권자투자신탁제1호(채권)C,0.25,0.75,1.12,2.97,5,채권형,,0.41
마이다스에셋자산운용,마이다스우량채권증권자투자신탁제1호(채권)C-P1,0.25,0.76,1.18,1.14,5,채권형,,0.36
마이다스에셋자산운용,마이다스우량채권증권자투자신탁제1호(채권)C-Pe1,0.26,0.79,1.21,3.16,5,채권형,,0.235
마이다스에셋자산운용,마이다스우량채권증권자투자신탁제1호(채권)Ce,0.26,0.79,1.2,3.13,5,채권형,,0.26
마이다스에셋자산운용,마이다스책임투자증권투자신탁(주식)A,6.23,32.22,32.23,64,2,주식형,1,1.6
마이다스에셋자산운용,마이다스책임투자증권투자신탁(주식)Ae,6.27,32.36,32.52,64.7,2,주식형,0.5,1.15
마이다스에셋자산운용,마이다스책임투자증권투자신탁(주식)C-P,6.24,32.26,32.28,64.11,2,주식형,,1.54
마이다스에셋자산운용,마이다스책임투자증권투자신탁(주식)C-Pe,6.27,32.37,32.54,64.75,2,주식형,,1.12
마이다스에셋자산운용,마이다스책임투자증권투자신탁(주식)C1,6.18,32.04,31.85,63.07,2,주식형,,2.2
마이다스에셋자산운용,마이다스책임투자증권투자신탁(주식)Ce,6.23,32.22,32.23,64,2,주식형,,1.6
마이다스에셋자산운용,마이다스책임투자증권투자신탁(주식)Cw,6.31,32.5,32.81,65.42,2,주식형,,0.7
맥쿼리투자신탁운용,맥쿼리뉴그로쓰증권자투자신탁1호(주식)A,8.08,32.55,30.56,36.93,1,주식형,1,1.397
맥쿼리투자신탁운용,맥쿼리뉴그로쓰증권자투자신탁1호(주식)C-W,8.14,32.75,30.99,37.85,1,주식형,,0.697
맥쿼리투자신탁운용,맥쿼리뉴그로쓰증권자투자신탁1호(주식)C-e,8.09,32.6,30.68,37.19,1,주식형,,1.197
맥쿼리투자신탁운용,맥쿼리뉴그로쓰증권자투자신탁1호(주식)C-p,8.06,32.49,30.44,36.66,1,주식형,,1.597
맥쿼리투자신탁운용,맥쿼리뉴그로쓰증권자투자신탁1호(주식)C-pe,8.1,32.62,30.71,37.25,1,주식형,,1.147
맥쿼리투자신탁운용,맥쿼리뉴그로쓰증권자투자신탁1호(주식)C1,8.02,32.34,30.13,36.01,1,주식형,0,2.097
맥쿼리투자신탁운용,맥쿼리차이나Bull1.5배증권자투자신탁A(주식파생형,11.92,22.22,21.28,15.48,1,파생상품,1,1.47
맥쿼리투자신탁운용,맥쿼리차이나Bull1.5배증권자투자신탁C1(주식파생형,11.86,22.02,20.87,14.71,1,파생상품,,2.17
맥쿼리투자신탁운용,맥쿼리차이나Bull1.5배증권자투자신탁Ce(주식파생),11.91,22.19,21.22,15.37,1,파생상품,,1.57
맥쿼리투자신탁운용,맥쿼리파워아시아증권투자신탁1호(주식)A,10.79,25.87,26.91,36.16,2,주식형,1.2,1.638
맥쿼리투자신탁운용,맥쿼리파워아시아증권투자신탁1호(주식)C1,10.75,25.73,26.61,35.51,2,주식형,,2.138
맥쿼리투자신탁운용,맥쿼리파워아시아증권투자신탁1호(주식)Ce,10.79,25.87,26.91,36.15,2,주식형,,1.638
메리츠자산운용,메리츠샐러리맨증권자투자신탁(주식-재간접형)Ae,5.46,18.33,18.69,24.32,2,재간접투자,0.22,0.64
메리츠자산운용,메리츠샐러리맨증권자투자신탁(주식-재간접형)C,5.43,18.23,18.48,23.87,2,재간접투자,,1.01
메리츠자산운용,메리츠샐러리맨증권자투자신탁(주식-재간접형)C-P,5.44,18.26,18.57,0,2,재간접투자,,0.89
메리츠자산운용,메리츠샐러리맨증권자투자신탁(주식-재간접형)C-Pe,5.44,18.29,18.61,24.14,2,재간접투자,,0.79
메리츠자산운용,메리츠샐러리맨증권자투자신탁(주식-재간접형)Ce,5.45,18.31,18.65,24.24,2,재간접투자,,0.71
메리츠자산운용,메리츠시니어증권자투자신탁(채권혼합-재간접형)A,-0.18,4.24,4.33,0,3,재간접투자,0.4,0.81
메리츠자산운용,메리츠시니어증권자투자신탁(채권혼합-재간접형)Ae,-0.17,4.29,4.43,2.37,3,재간접투자,0.16,0.61
메리츠자산운용,메리츠시니어증권자투자신탁(채권혼합-재간접형)C,-0.2,4.2,4.24,2.01,3,재간접투자,,0.96
메리츠자산운용,메리츠시니어증권자투자신탁(채권혼합-재간접형)C-Pe,-0.18,4.25,4.36,2.23,3,재간접투자,,0.74
메리츠자산운용,메리츠시니어증권자투자신탁(채권혼합-재간접형)Ce,-0.17,4.28,4.4,2.31,3,재간접투자,,0.66
메리츠자산운용,메리츠코리아증권투자신탁(주식)A,3.72,29.57,35.3,46.56,2,주식형,0.7,1.143
메리츠자산운용,메리츠코리아증권투자신탁(주식)C-W,3.76,29.7,35.58,47.2,2,주식형,,0.693
메리츠자산운용,메리츠코리아증권투자신탁(주식)C1,3.66,29.35,34.82,45.5,2,주식형,,1.893
메리츠자산운용,메리츠코리아증권투자신탁(주식)Ce,3.72,29.56,35.27,46.49,2,주식형,,1.193
미래에셋자산운용,미래에셋 글로벌그레이트컨슈머증권(주식)F,3.69,13.07,17.73,35.22,2,주식형,,0.79
미래에셋자산운용,미래에셋 넥스트리더증권투자신탁1호A(주식),3.59,33.54,34.13,45.64,2,주식형,1,1.64
미래에셋자산운용,미래에셋3억만들기솔로몬증권투자신탁1호(주식)C1,3.83,32.62,33.33,41.06,3,주식형,,2.18
미래에셋자산운용,미래에셋3억만들기솔로몬증권투자신탁1호(주식)Ce,3.91,32.89,33.89,42.34,3,주식형,,1.3
미래에셋자산운용,미래에셋FINE MMF1호(국공채)-개인용,0.01,0.05,0.11,0.43,6,MMF(개인),,0.45
미래에셋자산운용,미래에셋고배당포커스30증권투자신탁1호(채혼)C1,0.51,7.82,8.26,11.87,4,채권혼합형,,1.335
미래에셋자산운용,미래에셋고배당포커스30증권투자신탁1호(채혼)Ce,0.54,7.93,8.49,12.34,4,채권혼합형,,0.905
미래에셋자산운용,미래에셋글로벌그레이트컨슈머연금전환형(주식)C,3.61,12.82,17.19,33.9,3,주식형,,1.73
미래에셋자산운용,미래에셋글로벌그레이트컨슈머연금전환형자(주식)Ce,3.65,12.94,17.47,34.54,3,주식형,,1.23
미래에셋자산운용,미래에셋글로벌그레이트컨슈머증권1호A(주식),3.62,12.85,17.27,34.2,2,주식형,1,1.59
미래에셋자산운용,미래에셋글로벌그레이트컨슈머증권1호C1(주식),3.56,12.66,16.87,33.3,2,주식형,,2.29
미래에셋자산운용,미래에셋글로벌그레이트컨슈머증권1호Ce(주식),3.65,12.93,17.44,34.58,2,주식형,,1.29
미래에셋자산운용,미래에셋글로벌다이나믹연금전환형자1호(채권)C,-0.17,1.45,1.15,1.99,5,채권형,,0.72
미래에셋자산운용,미래에셋글로벌다이나믹연금전환형자1호(채권)Ce,-0.15,1.5,1.25,2.19,5,채권형,,0.52
미래에셋자산운용,미래에셋글로벌다이나믹증권자투자신탁1호A(채권),-0.16,1.74,1.46,2.33,5,채권형,0.3,0.66
미래에셋자산운용,미래에셋글로벌다이나믹증권자투자신탁1호Ae(채권),-0.15,1.77,1.53,2.48,5,채권형,0.15,0.51
미래에셋자산운용,미래에셋글로벌다이나믹증권자투자신탁1호C(채권),-0.17,1.7,1.38,2.19,5,채권형,,0.8
미래에셋자산운용,미래에셋글로벌다이나믹증권자투자신탁1호Ce(채권),-0.15,1.76,1.5,2.41,5,채권형,,0.58
미래에셋자산운용,미래에셋글로벌다이나믹증권자투자신탁1호F(채권),-0.14,1.81,1.61,2.64,5,채권형,,0.36
미래에셋자산운용,미래에셋글로벌다이나믹플러스증권자투자신탁1호(채권)A,-0.11,1.78,1.56,1.99,5,채권형,0.7,0.85
미래에셋자산운용,미래에셋글로벌다이나믹플러스증권자투자신탁1호(채권)A-e,-0.09,1.81,1.63,2.14,5,채권형,0.49,0.7
미래에셋자산운용,미래에셋글로벌다이나믹플러스증권자투자신탁1호(채권)C,-0.13,1.69,1.38,1.63,5,채권형,,1.2
미래에셋자산운용,미래에셋글로벌다이나믹플러스증권자투자신탁1호(채권)C-P,-0.11,1.75,1.5,1.88,5,채권형,,0.96
미래에셋자산운용,미래에셋글로벌다이나믹플러스증권자투자신탁1호(채권)C-Pe,-0.09,1.83,1.66,2.2,5,채권형,,0.65
미래에셋자산운용,미래에셋글로벌다이나믹플러스증권자투자신탁1호(채권)C-e,-0.1,1.8,1.6,2.07,5,채권형,,0.77
미래에셋자산운용,미래에셋글로벌다이나믹플러스증권자투자신탁1호(채권)F,-0.06,1.9,1.81,2.34,5,채권형,,0.35
미래에셋자산운용,미래에셋글로벌솔루션증권자투자신탁A(주식-재간접형),7.22,18.11,18.46,27.11,3,재간접투자,1,1.05
미래에셋자산운용,미래에셋글로벌솔루션증권자투자신탁A-e(주식-재간접),7.24,18.19,18.63,27.47,3,재간접투자,0.5,0.75
미래에셋자산운용,미래에셋글로벌솔루션증권자투자신탁C(주식-재간접),7.19,18.02,18.28,26.72,3,재간접투자,,1.37
미래에셋자산운용,미래에셋글로벌솔루션증권자투자신탁C-P(주식-재간접),7.21,18.07,18.39,26.95,3,재간접투자,,1.18
미래에셋자산운용,미래에셋글로벌솔루션증권자투자신탁C-Pe(주식-재간접,7.24,18.17,18.59,27.39,3,재간접투자,,0.81
미래에셋자산운용,미래에셋글로벌솔루션증권자투자신탁C-e(주식-재간접),7.23,18.14,18.54,27.27,3,재간접투자,,0.91
미래에셋자산운용,미래에셋글로벌인컴증권자투자신탁1호(채권혼합)A,1.09,6.42,5.86,0,4,채권혼합형,0.7,1.16
미래에셋자산운용,미래에셋글로벌인컴증권자투자신탁1호(채권혼합)A-e,1.11,6.5,6.02,0,4,채권혼합형,0.35,0.86
미래에셋자산운용,미래에셋글로벌인컴증권자투자신탁1호(채권혼합)C,1.06,6.33,5.67,0,4,채권혼합형,,1.51
미래에셋자산운용,미래에셋글로벌인컴증권자투자신탁1호(채권혼합)C-F,1.14,0,0,0,4,채권혼합형,,0.56
미래에셋자산운용,미래에셋글로벌인컴증권자투자신탁1호(채권혼합)C-e,1.1,6.45,5.93,0,4,채권혼합형,,1.03
미래에셋자산운용,미래에셋글로벌코어테크EMP증권투자신탁(주식-재간접형)A,6.92,25.66,29.11,56.9,2,재간접투자,1,1.23
미래에셋자산운용,미래에셋글로벌코어테크EMP증권투자신탁(주식-재간접형)A-e,6.95,25.75,29.31,57.42,2,재간접투자,0.5,0.89
미래에셋자산운용,미래에셋글로벌코어테크EMP증권투자신탁(주식-재간접형)C-P,6.91,25.63,29.04,56.73,2,재간접투자,,1.35
미래에셋자산운용,미래에셋글로벌코어테크EMP증권투자신탁(주식-재간접형)C-Pe,6.95,25.74,29.28,57.34,2,재간접투자,,0.95
미래에셋자산운용,미래에셋글로벌코어테크EMP증권투자신탁(주식-재간접형)C-e,6.94,25.71,29.21,57.17,2,재간접투자,,1.05
미래에셋자산운용,미래에셋글로벌코어테크EMP증권투자신탁(주식-재간접형)C1,6.87,25.49,28.74,55.95,2,재간접투자,,1.85
미래에셋자산운용,미래에셋글로벌코어테크EMP증권투자신탁(주식-재간접형)F,0,0,0,0,2,재간접투자,,0.55
미래에셋자산운용,미래에셋디스커버리증권투자신탁4호(주식),4.44,33.93,36.29,48.98,2,주식형,1,1.6
미래에셋자산운용,미래에셋러시아업종대표증권자투자신탁1호A (주식),3.91,26.38,15.83,-7.36,1,주식형,1,1.85
미래에셋자산운용,미래에셋러시아업종대표증권자투자신탁1호A-G (주식),3.93,26.46,16.05,-6.99,1,주식형,0.7,1.59
미래에셋자산운용,미래에셋러시아업종대표증권자투자신탁1호C1(주식),3.85,26.19,15.47,-7.92,1,주식형,,2.49
미래에셋자산운용,미래에셋러시아업종대표증권자투자신탁1호Ce(주식),3.89,26.31,15.7,-7.59,1,주식형,,2.09
미래에셋자산운용,미래에셋로저스Commodity인덱스특별자산자투자(파생)A,6.8,21.62,22.28,0.38,2,특별자산투자,,1.69
미래에셋자산운용,미래에셋로저스Commodity인덱스특별자산자투자(파생)B,6.83,21.72,22.48,0.72,2,특별자산투자,0.8,1.35
미래에셋자산운용,미래에셋로저스Commodity인덱스특별자산자투자CW(파생,6.89,21.93,22.92,1.48,3,특별자산투자,,0.59
미래에셋자산운용,미래에셋로저스농산물지수특별자산자투자(일반상품-파생)A,4.77,17.43,30.9,21.68,3,특별자산투자,,1.69
미래에셋자산운용,미래에셋로저스농산물지수특별자산자투자(일반상품-파생)B,4.8,17.52,31.11,22.08,3,특별자산투자,0.8,1.35
미래에셋자산운용,미래에셋로저스농산물지수특별자산자투자(일반상품-파생)C-W,4.86,17.73,31.59,22.99,3,특별자산투자,,0.59
미래에셋자산운용,미래에셋미국배당프리미엄증권자투자신탁A(주식)(H),1.4,10.16,11.6,2.38,4,주식형,1,1.36
미래에셋자산운용,미래에셋미국배당프리미엄증권자투자신탁A-e(주식)(H),1.43,10.26,11.8,2.74,4,주식형,0.5,1.01
미래에셋자산운용,미래에셋미국배당프리미엄증권자투자신탁C-P(주식)(H),1.4,10.16,11.6,2.38,4,주식형,,1.36
미래에셋자산운용,미래에셋미국배당프리미엄증권자투자신탁C-Pe(주식)H,1.43,10.26,11.8,2.74,4,주식형,,1.01
미래에셋자산운용,미래에셋미국배당프리미엄증권자투자신탁C-e(주식)(H),1.41,10.22,11.72,2.6,4,주식형,,1.15
미래에셋자산운용,미래에셋미국배당프리미엄증권자투자신탁C1(주식)(H),1.35,10.03,11.32,1.87,4,주식형,,1.86
미래에셋자산운용,미래에셋배당프리미엄연금전환형(주식혼합)C,2.68,16.65,17.4,17.09,2,주식혼합형,,1.38
미래에셋자산운용,미래에셋배당프리미엄연금전환형(주식혼합)Ce,2.72,16.77,17.66,17.6,2,주식혼합형,,0.93
미래에셋자산운용,미래에셋배당프리미엄증권자투자신탁A(주식혼합),2.71,16.73,17.6,17.42,3,주식혼합형,1,0.96
미래에셋자산운용,미래에셋배당프리미엄증권자투자신탁A-G(주식혼합),2.72,16.77,17.68,17.6,3,주식혼합형,0.7,0.82
미래에셋자산운용,미래에셋배당프리미엄증권자투자신탁C(주식혼합),2.66,16.58,17.3,16.78,3,주식혼합형,,1.48
미래에셋자산운용,미래에셋배당프리미엄증권자투자신탁C-F(주식혼합),2.75,16.85,17.86,17.99,3,주식혼합형,,0.5
미래에셋자산운용,미래에셋배당프리미엄증권자투자신탁C-G(주식혼합),2.69,16.67,17.47,17.15,3,주식혼합형,,1.18
미래에셋자산운용,미래에셋배당프리미엄증권자투자신탁Ce(주식혼합),2.71,16.72,17.58,17.39,3,주식혼합형,,0.99
미래에셋자산운용,미래에셋베트남증권자투자신탁1호(H-USD)(주식-파생형)A,0.32,13.34,27.87,15.28,2,파생상품,1,1.58
미래에셋자산운용,미래에셋베트남증권자투자신탁1호(H-USD)(주식-파생형)Ae,0.35,13.44,28.09,15.67,2,파생상품,0.5,1.23
미래에셋자산운용,미래에셋베트남증권자투자신탁1호(H-USD)(주식-파생형)C-P,0.31,13.31,27.8,15.14,2,파생상품,,1.7
미래에셋자산운용,미래에셋베트남증권자투자신탁1호(H-USD)(주식-파생형)C-Pe,0.35,13.42,28.05,15.6,2,파생상품,,1.29
미래에셋자산운용,미래에셋베트남증권자투자신탁1호(H-USD)(주식-파생형)C1,0.27,13.18,27.5,14.6,2,파생상품,,2.18
미래에셋자산운용,미래에셋베트남증권자투자신탁1호(H-USD)(주식-파생형)Ce,0.34,13.4,27.99,15.5,2,파생상품,,1.38
미래에셋자산운용,미래에셋베트남증권자투자신탁1호(H-USD)(주식-파생형)F,0.38,13.54,28.3,16.07,2,파생상품,,0.88
미래에셋자산운용,미래에셋브라질업종대표증권자투자신탁1호A(주식),2.66,34.04,15.81,-16.96,1,주식형,1,1.85
미래에셋자산운용,미래에셋브라질업종대표증권자투자신탁1호C1(주식),2.61,33.85,15.45,-17.51,1,주식형,,2.49
미래에셋자산운용,미래에셋브라질업종대표증권자투자신탁1호Ce(주식),2.64,33.97,15.68,-17.16,1,주식형,,2.09
미래에셋자산운용,미래에셋스마트롱숏30증권자투자신탁2호A[채권혼합],1.03,3.48,4.06,6.21,5,채권혼합형,0.4,0.8
미래에셋자산운용,미래에셋스마트롱숏30증권자투자신탁2호C-P[채권혼합],1.02,3.44,3.96,6.01,5,채권혼합형,,0.98
미래에셋자산운용,미래에셋스마트롱숏30증권자투자신탁2호C-Pe[채권혼합],1.04,3.5,4.09,6.27,5,채권혼합형,,0.74
미래에셋자산운용,미래에셋스마트롱숏30증권자투자신탁2호C[채권혼합],1.01,3.41,3.9,5.89,5,채권혼합형,,1.1
미래에셋자산운용,미래에셋스마트롱숏30증권자투자신탁2호Ce[채권혼합],1.03,3.48,4.06,6.2,5,채권혼합형,,0.8
미래에셋자산운용,미래에셋스마트알파증권자투자신탁(채권혼합)A,0.52,0.39,0.33,1.27,4,채권혼합형,0.2,0.54
미래에셋자산운용,미래에셋스마트알파증권자투자신탁(채권혼합)A-e,0.53,0.43,0.41,1.42,4,채권혼합형,0.1,0.39
미래에셋자산운용,미래에셋스마트알파증권자투자신탁(채권혼합)C,0.51,0.36,0.28,1.17,4,채권혼합형,,0.64
미래에셋자산운용,미래에셋스마트알파증권자투자신탁(채권혼합)C-P,0.52,0.38,0.32,1.25,4,채권혼합형,,0.56
미래에셋자산운용,미래에셋스마트알파증권자투자신탁(채권혼합)C-Pe,0.53,0.42,0.4,1.41,4,채권혼합형,,0.4
미래에셋자산운용,미래에셋스마트알파증권자투자신탁(채권혼합)C-e,0.53,0.42,0.38,1.37,4,채권혼합형,,0.44
미래에셋자산운용,미래에셋스마트알파플러스증권자투자신탁(채권혼합)A,1.23,3.33,4.12,3.73,3,채권혼합형,0.7,0.9
미래에셋자산운용,미래에셋스마트알파플러스증권자투자신탁(채권혼합)A-e,1.24,3.39,4.24,3.97,3,채권혼합형,0.35,0.67
미래에셋자산운용,미래에셋스마트알파플러스증권자투자신탁(채권혼합)C,1.21,3.28,3.99,3.47,3,채권혼합형,,1.16
미래에셋자산운용,미래에셋스마트알파플러스증권자투자신탁(채권혼합)C-P,1.22,3.3,4.05,3.6,3,채권혼합형,,1.02
미래에셋자산운용,미래에셋스마트알파플러스증권자투자신탁(채권혼합)C-Pe,1.24,3.38,4.2,3.9,3,채권혼합형,,0.73
미래에셋자산운용,미래에셋스마트알파플러스증권자투자신탁(채권혼합)C-e,1.23,3.36,4.17,3.83,3,채권혼합형,,0.8
미래에셋자산운용,미래에셋스마트헤지펀드셀렉션혼합자산(사모투자재간접형)A,3.07,4.68,5.13,9.57,5,재간접투자,1,0.95
미래에셋자산운용,미래에셋스마트헤지펀드셀렉션혼합자산(사모투자재간접형)A-e,3.09,4.75,5.26,9.84,5,재간접투자,0.5,0.7
미래에셋자산운용,미래에셋스마트헤지펀드셀렉션혼합자산(사모투자재간접형)C,3.04,4.59,4.95,9.19,5,재간접투자,,1.3
미래에셋자산운용,미래에셋스마트헤지펀드셀렉션혼합자산(사모투자재간접형)C-e,3.07,4.69,5.14,9.6,5,재간접투자,,0.92
미래에셋자산운용,미래에셋아시아퍼시픽인프라섹터증권형1호A(주식),10.08,29.91,30.07,43.61,3,주식형,1,1.85
미래에셋자산운용,미래에셋아시아퍼시픽인프라섹터증권형1호Ae(주식),10.11,30.03,30.34,44.21,3,주식형,0.5,1.39
미래에셋자산운용,미래에셋아시아퍼시픽인프라섹터증권형1호C1 (주식),0,0,0,0,3,주식형,,2.49
미래에셋자산운용,미래에셋아시아퍼시픽인프라섹터증권형1호Ce (주식),10.09,29.96,30.19,43.88,3,주식형,,1.64
미래에셋자산운용,미래에셋우리아이3억만들기증권형G1호(주식)C1,4.97,27.69,30.34,45,2,주식형,,2.07
미래에셋자산운용,미래에셋유럽블루칩인덱스증권자투자신탁1호(주식)A,2.15,13.66,5.18,-3.32,3,주식형,1,1.28
미래에셋자산운용,미래에셋유럽블루칩인덱스증권자투자신탁1호(주식)C-P,2.14,13.63,5.13,-3.42,3,주식형,,1.38
미래에셋자산운용,미래에셋유럽블루칩인덱스증권자투자신탁1호(주식)C-Pe,2.18,13.73,5.34,-3.04,3,주식형,,1.38
미래에셋자산운용,미래에셋인덱스로골드특별자산A(금-재간접형) ,-3.56,-4.09,-8.15,13.61,3,특별자산투자,0.8,0.78
미래에셋자산운용,미래에셋인덱스로골드특별자산C(금-재간접형) ,-3.59,-4.19,-8.34,13.16,3,특별자산투자,,1.18
미래에셋자산운용,미래에셋인덱스로골드특별자산C-e(금-재간접형) ,-3.52,-3.99,-7.96,14.06,3,특별자산투자,,0.38
미래에셋자산운용,미래에셋인디아솔로몬증권투자신탁1호(주식)A,11.48,29.54,33.32,17.88,3,주식형,1,1.85
미래에셋자산운용,미래에셋인디아솔로몬증권투자신탁1호(주식)A-G,11.5,29.62,33.49,18.21,3,주식형,0.7,1.62
미래에셋자산운용,미래에셋인디아솔로몬증권투자신탁1호(주식)Ae,11.51,29.65,33.57,18.36,3,주식형,0.5,1.45
미래에셋자산운용,미래에셋인디아솔로몬증권투자신탁1호(주식)I,11.54,29.75,33.79,18.78,3,주식형,0.005,1.105
미래에셋자산운용,미래에셋인디펜던스증권자투자신탁4호(주식)C1,4.34,32.77,35.55,49.24,2,주식형,,2.3
미래에셋자산운용,미래에셋인디펜던스증권자투자신탁4호(주식)Ce,4.42,33.02,36.1,50.48,2,주식형,,1.42
미래에셋자산운용,미래에셋인사이트증권자투자신탁1호A(주식혼합),5.2,17.12,18.51,44,2,주식혼합형,1,2.49
미래에셋자산운용,미래에셋인사이트증권자투자신탁C1(주식혼합),5.15,16.95,18.16,43.16,2,주식혼합형,,3.09
미래에셋자산운용,미래에셋인사이트증권자투자신탁Ce(주식혼합),5.19,17.06,18.39,43.71,2,주식혼합형,,2.69
미래에셋자산운용,미래에셋전략배분TDF2025혼합자산자투자신탁A,2.47,8.1,8.19,9.87,4,재간접투자,0.6,0.69
미래에셋자산운용,미래에셋전략배분TDF2025혼합자산자투자신탁Ae,2.49,8.16,8.3,9.21,4,재간접투자,0.3,0.51
미래에셋자산운용,미래에셋전략배분TDF2025혼합자산자투자신탁C,2.46,8.06,8.11,7.75,4,재간접투자,,0.84
미래에셋자산운용,미래에셋전략배분TDF2025혼합자산자투자신탁C-P,2.46,8.07,8.13,7.47,4,재간접투자,,0.82
미래에셋자산운용,미래에셋전략배분TDF2025혼합자산자투자신탁C-Pe,2.48,8.14,8.26,11.25,4,재간접투자,,0.58
미래에셋자산운용,미래에셋전략배분TDF2025혼합자산자투자신탁Ce,2.48,8.13,8.25,11.23,4,재간접투자,,0.59
미래에셋자산운용,미래에셋전략배분TDF2025혼합자산자투자신탁F,2.5,8.2,8.4,11.52,4,재간접투자,,0.34
미래에셋자산운용,미래에셋전략배분TDF2030혼합자산자투자신탁A,3.07,9.86,10.07,12.13,4,재간접투자,0.6,0.75
미래에셋자산운용,미래에셋전략배분TDF2030혼합자산자투자신탁Ae,3.09,9.92,10.19,11.85,4,재간접투자,0.3,0.55
미래에셋자산운용,미래에셋전략배분TDF2030혼합자산자투자신탁C,3.06,9.82,9.97,12.43,4,재간접투자,,0.91
미래에셋자산운용,미래에셋전략배분TDF2030혼합자산자투자신탁C-P,3.06,9.85,10.04,14.41,4,재간접투자,,0.86
미래에셋자산운용,미래에셋전략배분TDF2030혼합자산자투자신탁C-Pe,3.08,9.91,10.18,14.7,4,재간접투자,,0.61
미래에셋자산운용,미래에셋전략배분TDF2030혼합자산자투자신탁Ce,3.08,9.9,10.15,14.62,4,재간접투자,,0.63
미래에셋자산운용,미래에셋전략배분TDF2030혼합자산자투자신탁F,3.1,9.98,10.56,15.23,4,재간접투자,,0.36
미래에셋자산운용,미래에셋전략배분TDF2035혼합자산자투자신탁A,4.14,12.6,12.84,17.22,4,재간접투자,0.6,0.85
미래에셋자산운용,미래에셋전략배분TDF2035혼합자산자투자신탁Ae,4.16,12.67,12.99,19.38,4,재간접투자,0.3,0.62
미래에셋자산운용,미래에셋전략배분TDF2035혼합자산자투자신탁C,4.12,12.54,12.72,17.88,4,재간접투자,,1.04
미래에셋자산운용,미래에셋전략배분TDF2035혼합자산자투자신탁C-P,4.14,12.58,12.81,18.98,4,재간접투자,,0.89
미래에셋자산운용,미래에셋전략배분TDF2035혼합자산자투자신탁C-Pe,4.16,12.66,12.97,19.33,4,재간접투자,,0.64
미래에셋자산운용,미래에셋전략배분TDF2035혼합자산자투자신탁Ce,4.15,12.64,12.93,19.24,4,재간접투자,,0.71
미래에셋자산운용,미래에셋전략배분TDF2035혼합자산자투자신탁F,4.18,12.73,13.13,18.39,4,재간접투자,,0.39
미래에셋자산운용,미래에셋전략배분TDF2040년혼합자산자투자신탁F,4.72,14.13,12.17,14.24,4,재간접투자,,0.41
미래에셋자산운용,미래에셋전략배분TDF2040혼합자산자투자신탁A,4.67,13.97,14.23,20.16,4,재간접투자,0.6,0.94
미래에셋자산운용,미래에셋전략배분TDF2040혼합자산자투자신탁Ae,4.7,14.05,14.39,19.86,4,재간접투자,0.3,0.67
미래에셋자산운용,미래에셋전략배분TDF2040혼합자산자투자신탁C,4.65,13.91,14.09,20.9,4,재간접투자,,1.16
미래에셋자산운용,미래에셋전략배분TDF2040혼합자산자투자신탁C-P,4.67,13.95,14.17,20.5,4,재간접투자,,1.01
미래에셋자산운용,미래에셋전략배분TDF2040혼합자산자투자신탁C-Pe,4.69,14.04,14.36,21.5,4,재간접투자,,0.71
미래에셋자산운용,미래에셋전략배분TDF2040혼합자산자투자신탁Ce,4.69,14.02,14.32,21.41,4,재간접투자,,0.78
미래에셋자산운용,미래에셋전략배분TDF2045혼합자산자투자신탁A,4.88,14.46,14.66,22.34,4,재간접투자,0.6,1.03
미래에셋자산운용,미래에셋전략배분TDF2045혼합자산자투자신탁Ae,4.9,14.54,14.84,22.75,4,재간접투자,0.3,0.73
미래에셋자산운용,미래에셋전략배분TDF2045혼합자산자투자신탁C,4.86,14.39,14.5,22.01,4,재간접투자,,1.28
미래에셋자산운용,미래에셋전략배분TDF2045혼합자산자투자신탁C-P,4.87,14.43,14.59,22.18,4,재간접투자,,1.13
미래에셋자산운용,미래에셋전략배분TDF2045혼합자산자투자신탁C-Pe,4.9,14.53,14.81,22.67,4,재간접투자,,0.74
미래에셋자산운용,미래에셋전략배분TDF2045혼합자산자투자신탁Ce,4.89,14.51,14.77,22.58,4,재간접투자,,0.85
미래에셋자산운용,미래에셋전략배분TDF2045혼합자산자투자신탁F,4.93,14.63,15.4,23.54,4,재간접투자,,0.43
미래에셋자산운용,미래에셋차이나H인덱스증권투자신탁1호(주식) A,8.94,15.19,13.39,11.72,2,주식형,1,0.84
미래에셋자산운용,미래에셋차이나H인덱스증권투자신탁1호(주식) A-e,8.96,15.25,13.51,11.97,2,주식형,0.5,0.61
미래에셋자산운용,미래에셋차이나H인덱스증권투자신탁1호(주식) C,8.92,15.1,13.21,11.36,2,주식형,,1.18
미래에셋자산운용,미래에셋차이나H인덱스증권투자신탁1호(주식) C-P,8.92,15.13,13.26,11.46,2,주식형,,1.08
미래에셋자산운용,미래에셋차이나H인덱스증권투자신탁1호(주식) C-Pe,8.95,15.22,13.45,11.84,2,주식형,,0.73
미래에셋자산운용,미래에셋차이나H인덱스증권투자신탁1호(주식) C-e,8.95,15.21,13.42,11.78,2,주식형,,0.78
미래에셋자산운용,미래에셋차이나H인덱스증권투자신탁1호(주식) F,0,0,0,0,2,주식형,,0.38
미래에셋자산운용,미래에셋차이나솔로몬증권투자신탁1호(주식)A,13.27,22.44,28.13,68.89,2,주식형,1,1.85
미래에셋자산운용,미래에셋차이나솔로몬증권투자신탁1호(주식)Ae,13.3,22.55,28.37,69.56,2,주식형,0.5,1.45
미래에셋자산운용,미래에셋차이나솔로몬증권투자신탁3호(주식)C-W,13.6,22.14,25.58,66.91,2,주식형,,0.99
미래에셋자산운용,미래에셋차이나솔로몬증권투자신탁3호A (주식),13.52,21.86,27.64,68.85,2,주식형,1,1.99
미래에셋자산운용,미래에셋차이나솔로몬증권투자신탁3호C-e(주식),13.51,21.83,27.57,68.69,2,주식형,,2.09
미래에셋자산운용,미래에셋차이나솔로몬증권투자신탁3호C1(주식),13.47,21.7,27.32,68.02,2,주식형,,2.49
브레인자산운용,브레인코스닥벤처증권투자신탁(주식혼합)A,0.3,22.01,39.84,61.69,2,주식혼합형,1,1.297
브레인자산운용,브레인코스닥벤처증권투자신탁(주식혼합)A-e,0.32,22.09,40.03,62.14,2,주식혼합형,0.5,0.997
브레인자산운용,브레인코스닥벤처증권투자신탁(주식혼합)C,0.27,21.93,39.65,61.23,2,주식혼합형,,1.597
브레인자산운용,브레인코스닥벤처증권투자신탁(주식혼합)C-e,0.3,22.02,39.87,61.75,2,주식혼합형,,1.247
브이아이자산운용,브이아이 굿초이스증권자투자신탁1호(채권) C-E,0.24,0.54,0.58,2.18,5,채권형,,0.42
브이아이자산운용,브이아이 굿초이스증권자투자신탁1호(채권) C-P2,0.23,0.5,0.51,2.04,5,채권형,,0.56
브이아이자산운용,브이아이 굿초이스증권자투자신탁1호(채권) C-Pe2,0.24,0.55,0.6,2.23,5,채권형,,0.38
브이아이자산운용,브이아이 굿초이스증권자투자신탁1호(채권) C-W,0.26,0.59,0.68,2.39,5,채권형,,0.21
브이아이자산운용,브이아이 굿초이스증권자투자신탁1호(채권) C1,0.22,0.49,0.47,1.97,5,채권형,,0.63
브이아이자산운용,브이아이실적포커스30증권투자신탁1호(채권혼합)A,2.11,9.61,10.96,21.34,4,채권혼합형,0.5,1.05
브이아이자산운용,브이아이실적포커스30증권투자신탁1호(채권혼합)C,2.08,9.52,10.76,20.92,4,채권혼합형,,1.4
브이아이자산운용,브이아이실적포커스30증권투자신탁1호(채권혼합)C-P2,2.1,9.59,10.9,21.22,4,채권혼합형,,1.15
브이아이자산운용,브이아이실적포커스30증권투자신탁1호(채권혼합)C-Pe2,2.12,9.67,11.08,21.61,4,채권혼합형,,0.83
브이아이자산운용,브이아이실적포커스30증권투자신탁1호(채권혼합)C-W,2.15,9.76,11.26,22,5,채권혼합형,,0.5
브이아이자산운용,브이아이실적포커스30증권투자신탁1호(채권혼합)Ce,2.11,9.64,11.01,21.46,4,채권혼합형,,0.95
브이아이자산운용,브이아이코리아통일르네상스증권자투자신탁(주식)A,6.07,29.65,33.42,65.04,2,주식형,1,1.44
브이아이자산운용,브이아이코리아통일르네상스증권자투자신탁(주식)A-E,6.1,29.76,33.67,65.62,2,주식형,0.5,1.04
브이아이자산운용,브이아이코리아통일르네상스증권자투자신탁(주식)C-E,6.09,29.73,33.6,65.48,2,주식형,,1.14
브이아이자산운용,브이아이코리아통일르네상스증권자투자신탁(주식)C-P2,6.07,29.65,33.42,65.05,2,주식형,,1.44
브이아이자산운용,브이아이코리아통일르네상스증권자투자신탁(주식)C-Pe2,6.1,29.76,33.67,65.63,2,주식형,,1.04
브이아이자산운용,브이아이코리아통일르네상스증권자투자신탁(주식)C1,6.01,29.43,32.96,63.97,2,주식형,,2.14
블랙록자산운용,블랙록 월드광업주증권자투자신탁[주식-재간접]H A,-0.41,18.3,19.13,37.82,1,재간접투자,1,1.565
블랙록자산운용,블랙록 월드광업주증권자투자신탁[주식-재간접]H C-W,-0.33,18.57,19.68,39.21,1,재간접투자,,0.585
블랙록자산운용,블랙록 월드광업주증권자투자신탁[주식-재간접]H C-p,-0.38,18.41,19.35,38.38,1,재간접투자,,1.165
블랙록자산운용,블랙록 월드광업주증권자투자신탁[주식-재간접]H C-pe,-0.35,18.49,19.52,38.81,1,재간접투자,,1.165
블랙록자산운용,블랙록 월드광업주증권자투자신탁[주식-재간접]H C1,-0.45,18.16,18.84,37.1,1,재간접투자,,2.065
블랙록자산운용,블랙록 월드광업주증권자투자신탁[주식-재간접]H Ce,-0.42,18.27,19.07,37.68,1,재간접투자,,1.665
삼성액티브자산운용,삼성배당주장기증권투자신탁1호(주식)A,5.43,29.88,34.38,38.91,2,주식형,1,1.68
삼성액티브자산운용,삼성배당주장기증권투자신탁1호(주식)C1,5.38,29.7,34,38.12,2,주식형,,2.28
삼성액티브자산운용,삼성배당주장기증권투자신탁1호(주식)Ce,5.43,29.87,34.37,38.89,2,주식형,,1.68
삼성액티브자산운용,삼성코스닥벤처플러스증권투자신탁제1호(주식혼합)A,-5.27,19.57,16.95,56.89,2,주식혼합형,1,1.35
삼성액티브자산운용,삼성코스닥벤처플러스증권투자신탁제1호(주식혼합)Ae,-5.25,19.65,17.1,57.31,2,주식혼합형,0.5,1.07
삼성액티브자산운용,삼성코스닥벤처플러스증권투자신탁제1호(주식혼합)C,-5.3,19.49,16.77,56.38,2,주식혼합형,,1.69
삼성액티브자산운용,삼성코스닥벤처플러스증권투자신탁제1호(주식혼합)Ce,-5.26,19.6,17.02,57.06,2,주식혼합형,,1.24
삼성액티브자산운용,삼성통일코리아증권자투자신탁1호(주식)A,7.21,37.46,41.64,49.33,2,주식형,1,1.69
삼성액티브자산운용,삼성통일코리아증권자투자신탁1호(주식)C1,7.16,37.28,41.24,48.46,2,주식형,,2.29
삼성액티브자산운용,삼성통일코리아증권자투자신탁1호(주식)Ce,7.21,37.46,41.63,49.33,2,주식형,,1.69
삼성자산운용,삼성ELS인덱스증권자투자신탁HE-1호A(주식-파생형),-0.25,2.21,3.25,3.39,4,파생상품,1,0.39
삼성자산운용,삼성ELS인덱스증권자투자신탁HE-1호C(주식-파생형),-0.33,1.97,2.77,2.43,4,파생상품,,1.33
삼성자산운용,삼성ELS인덱스증권자투자신탁HE-1호C-W(주식-파생형),-0.25,2.22,3.28,3.45,4,파생상품,,0.33
삼성자산운용,삼성ELS인덱스증권자투자신탁HE-1호Ce(주식-파생형),-0.29,2.1,3.02,2.94,4,파생상품,,0.83
삼성자산운용,삼성WTI원유특별자산투자신탁1호(WTI원유-파생형)A,15.37,43.81,25.73,-33.26,1,특별자산투자,1,0.86
삼성자산운용,삼성WTI원유특별자산투자신탁1호(WTI원유-파생형)C-W,15.4,43.93,25.98,-32.99,1,특별자산투자,,0.44
삼성자산운용,삼성WTI원유특별자산투자신탁1호(WTI원유-파생형)C1,15.34,43.68,25.49,-33.55,1,특별자산투자,,1.27
삼성자산운용,삼성WTI원유특별자산투자신탁1호(WTI원유-파생형)Ce,15.35,43.7,25.54,-33.48,1,특별자산투자,,1.19
삼성자산운용,삼성달러표시단기채권증권자투자신탁UH[채권]A,3.25,-1.46,-5.8,0,4,채권형,0.3,0.25
삼성자산운용,삼성달러표시단기채권증권자투자신탁UH[채권]Ae,3.25,-1.46,-5.79,0,4,채권형,0.15,0.22
삼성자산운용,삼성달러표시단기채권증권자투자신탁UH[채권]C,3.24,-1.5,-5.87,0,4,채권형,,0.39
삼성자산운용,삼성달러표시단기채권증권자투자신탁UH[채권]C-P,3.24,-1.49,-5.85,0,4,채권형,,0.35
삼성자산운용,삼성달러표시단기채권증권자투자신탁UH[채권]C-Pe,3.25,-1.47,-5.81,0,4,채권형,,0.27
삼성자산운용,삼성달러표시단기채권증권자투자신탁UH[채권]Ce,3.25,-1.47,-5.82,0,4,채권형,,0.29
삼성자산운용,삼성달러표시단기채권증권자투자신탁UH[채권]Cw,3.26,-1.45,-5.77,0,4,채권형,,0.19
삼성자산운용,삼성미국인덱스증권자투자신탁H(주식) A,2.12,12.59,14.26,15.12,3,주식형,1,0.85
삼성자산운용,삼성미국인덱스증권자투자신탁H(주식) Ae,2.14,12.65,14.4,15.4,3,주식형,0.5,0.595
삼성자산운용,삼성미국인덱스증권자투자신탁H(주식) C-P,2.09,12.48,14.04,14.67,3,주식형,,1.24
삼성자산운용,삼성미국인덱스증권자투자신탁H(주식) C-Pe,2.12,12.6,14.29,15.18,3,주식형,,0.79
삼성자산운용,삼성미국인덱스증권자투자신탁H(주식) C1,2.05,12.38,13.82,14.21,3,주식형,,1.64
삼성자산운용,삼성미국인덱스증권자투자신탁H(주식) Ce,2.12,12.59,14.26,15.13,3,주식형,,0.84
삼성자산운용,삼성미국인덱스증권자투자신탁H(주식) Cw,0,0,0,0,3,주식형,,0.34
삼성자산운용,삼성이머징다이나믹증권자투자신탁1호(주식) A,17.78,29.62,26.88,51.44,2,주식형,1,2.06
삼성자산운용,삼성이머징다이나믹증권자투자신탁1호(주식) C1,17.74,25.58,25.58,25.58,2,주식형,,2.46
삼성자산운용,삼성이머징다이나믹증권자투자신탁1호(주식) Ce,17.79,29.65,26.95,51.61,2,주식형,,1.95
삼성자산운용,삼성일본인덱스증권자투자신탁H(주식) A,4.31,21.02,23.82,19.28,3,주식형,1,0.85
삼성자산운용,삼성일본인덱스증권자투자신탁H(주식) A-e,4.33,21.09,23.97,19.57,3,주식형,0.5,0.595
삼성자산운용,삼성일본인덱스증권자투자신탁H(주식) C-Pe,4.31,21.04,23.86,19.36,3,주식형,,0.79
삼성자산운용,삼성일본인덱스증권자투자신탁H(주식) C-e,4.31,21.02,23.82,19.29,3,주식형,,0.84
삼성자산운용,삼성일본인덱스증권자투자신탁H(주식) C1,4.24,20.81,23.36,18.38,3,주식형,,1.64
삼성자산운용,삼성코스닥150 1.5배레버리지증권투자신탁(주식-파생형)A,-5.07,25.54,19.03,75.74,1,파생상품,1,1.31
삼성자산운용,삼성코스닥150 1.5배레버리지증권투자신탁(주식-파생형)Ae,-5.04,25.63,19.23,76.35,1,파생상품,0.5,0.95
삼성자산운용,삼성코스닥150 1.5배레버리지증권투자신탁(주식-파생형)C1,-5.12,25.34,18.67,74.73,1,파생상품,,1.89
삼성자산운용,삼성코스닥150 1.5배레버리지증권투자신탁(주식-파생형)Ce,-5.05,25.59,19.14,76.12,1,파생상품,,1.09
삼성자산운용,삼성코스닥150 1.5배레버리지증권투자신탁(주식-파생형)Cw,-5.01,25.73,-10.61,18.81,1,파생상품,,0.59
삼성자산운용,삼성클래식차이나본토연금증권자투자신탁H(주식)C,5.69,12.17,14.02,41.27,2,주식형,,1.65
삼성자산운용,삼성클래식차이나본토연금증권자투자신탁H(주식)Ce,5.73,12.29,14.28,41.92,2,주식형,,1.175
슈로더투신운용,슈로더유로연금증권자투자신탁(주식-재간접형)Ce,3.03,16.7,11.07,4.07,3,재간접투자,,1.185
슈로더투신운용,슈로더유로연금증권자투자신탁C(주식-재간접형),2.99,16.57,10.81,3.58,3,재간접투자,,1.66
슈로더투신운용,슈로더유로증권자투자신탁A(주식-재간접형) ,2.96,16.46,10.62,3.22,3,재간접투자,1,2.01
슈로더투신운용,슈로더유로증권자투자신탁Ae(주식-재간접형) ,3.02,16.66,11.02,3.97,3,재간접투자,0.5,1.26
슈로더투신운용,슈로더유로증권자투자신탁C1(주식-재간접형) ,2.92,16.36,10.4,2.82,3,재간접투자,,2.41
슈로더투신운용,슈로더유로증권자투자신탁Ce(주식-재간접형) ,3.01,16.62,10.94,3.82,3,재간접투자,,1.42
슈로더투신운용,슈로더유로증권자투자신탁W(주식-재간접형) ,3.05,16.76,11.2,4.32,2,재간접투자,,0.91
슈로더투신운용,슈로더이머징위너스증권자투자A(주식혼합-재간접형),7.8,26.7,33.08,32.52,2,재간접투자,1.2,2.06
슈로더투신운용,슈로더이머징위너스증권자투자A-e(주식혼합-재간접형),7.86,26.87,33.47,33.34,2,재간접투자,0.5,1.46
슈로더투신운용,슈로더이머징위너스증권자투자C-P(주식혼합-재간접형),7.82,26.77,33.24,32.86,2,재간접투자,,1.81
슈로더투신운용,슈로더이머징위너스증권자투자C-Pe(주식혼합-재간접형),7.86,26.89,33.51,33.45,2,재간접투자,,1.385
슈로더투신운용,슈로더이머징위너스증권자투자C-e(주식혼합-재간접형),7.85,26.85,33.43,33.29,2,재간접투자,,1.51
슈로더투신운용,슈로더이머징위너스증권자투자C1(주식혼합-재간접형),7.77,26.57,32.81,32.01,2,재간접투자,,2.46
신영자산운용,신영마라톤증권자투자신탁(주식)C-G,3.44,32.16,37.31,37.49,2,주식형,,1.48
신영자산운용,신영마라톤증권자투자신탁(주식)C-P,3.45,32.17,37.34,37.55,2,주식형,,1.44
신영자산운용,신영마라톤증권자투자신탁(주식)C-Pe,3.48,32.3,37.64,38.17,2,주식형,,0.965
신영자산운용,신영마라톤증권자투자신탁(주식)e,3.45,32.16,37.32,37.51,2,주식형,,1.47
신영자산운용,신영마라톤증권투자신탁A1[주식],3.42,30.73,35.92,38.92,2,주식형,1,1.7
신영자산운용,신영마라톤통일코리아플러스증권자투자신탁(주식)A,4.51,32.09,36.67,40.04,2,주식형,1,1.27
신영자산운용,신영마라톤통일코리아플러스증권자투자신탁(주식)Ae,4.54,32.19,36.89,40.5,2,주식형,0.5,0.92
신영자산운용,신영마라톤통일코리아플러스증권자투자신탁(주식)C-P,4.49,32.02,36.52,39.71,2,주식형,,1.52
신영자산운용,신영마라톤통일코리아플러스증권자투자신탁(주식)C-Pe,4.53,32.15,36.8,40.32,2,주식형,,1.045
신영자산운용,신영마라톤통일코리아플러스증권자투자신탁(주식)C1,4.46,31.93,36.31,39.27,2,주식형,,1.87
신영자산운용,신영마라톤통일코리아플러스증권자투자신탁(주식)Ce,4.53,32.15,36.8,40.3,2,주식형,,1.07
신영자산운용,신영마라톤통일코리아플러스증권자투자신탁(주식)Cw,0,0,0,0,2,주식형,,0.57
신영자산운용,신영밸류고배당40증권자투자신탁A(채권혼합),2.53,11.75,12.34,12.55,4,채권혼합형,0.6,0.89
신영자산운용,신영밸류고배당40증권자투자신탁C(채권혼합),2.5,11.65,12.13,12.13,4,채권혼합형,,1.27
신영자산운용,신영밸류고배당40증권자투자신탁C-P(채권혼합),2.5,11.67,12.17,12.22,4,채권혼합형,0,1.19
신영자산운용,신영밸류고배당40증권자투자신탁C-Pe(채권혼합),2.54,11.77,12.39,12.66,4,채권혼합형,,0.79
신영자산운용,신영밸류고배당40증권자투자신탁C-W(채권혼합),2.57,11.88,12.61,13.11,4,채권혼합형,,0.39
신영자산운용,신영밸류고배당40증권자투자신탁C-e(채권혼합),2.53,11.76,12.37,12.62,4,채권혼합형,,0.83
신영자산운용,신영밸류고배당증권자투자신탁(주식)A,6.38,33.02,35.32,33.61,2,주식형,1,1.18
신영자산운용,신영밸류고배당증권자투자신탁(주식)A-G,6.38,33.04,35.36,33.7,2,주식형,0.5,1.11
신영자산운용,신영밸류고배당증권자투자신탁(주식)Ae,6.39,33.06,35.41,33.79,2,주식형,0.5,1.04
신영자산운용,신영밸류고배당증권자투자신탁(주식)C,6.36,32.97,35.21,33.39,2,주식형,,1.35
신영자산운용,신영밸류고배당증권자투자신탁(주식)C-G,6.37,32.98,35.23,33.43,2,주식형,,1.32
신영자산운용,신영밸류고배당증권자투자신탁(주식)C-P,6.36,32.97,35.21,33.4,2,주식형,,1.34
신영자산운용,신영밸류고배당증권자투자신탁(주식)C-Pe,6.4,33.1,35.5,33.98,2,주식형,,0.89
신영자산운용,신영밸류고배당증권자투자신탁(주식)e,6.37,32.99,35.25,33.47,2,주식형,,1.29
신영자산운용,신영밸류고배당증권투자신탁(주식)W,6.43,33.22,35.77,34.52,2,주식형,,0.47
신한BNP파리바,신한 개인용MMF 제2호 C,0.03,0.09,0.23,0.69,6,MMF(개인),,0.42
신한BNP파리바,신한 개인용MMF 제2호 C-p,0.03,0.1,0.23,0.7,6,MMF(개인),,0.42
신한BNP파리바,신한글로벌단기채권증권자투자신탁(H)[채권혼합-재간접]A-e,0.17,1.46,1.74,0.06,4,재간접투자,0.4,0.6
신한BNP파리바,신한글로벌단기채권증권자투자신탁(H)[채권혼합-재간접]A1,0.15,1.41,1.63,-0.15,4,재간접투자,0.8,0.8
신한BNP파리바,신한글로벌단기채권증권자투자신탁(H)[채권혼합-재간접]C-e,0.15,1.41,1.64,-0.15,4,재간접투자,,0.8
신한BNP파리바,신한글로벌단기채권증권자투자신탁(H)[채권혼합-재간접]C-p,0.13,1.35,1.51,-0.4,4,재간접투자,,1.05
신한BNP파리바,신한글로벌단기채권증권자투자신탁(H)[채권혼합-재간접]C-pe,0.16,1.43,1.69,0.1,4,재간접투자,,0.72
신한BNP파리바,신한글로벌단기채권증권자투자신탁(H)[채권혼합-재간접]C1,0.12,1.31,1.43,-0.55,4,재간접투자,,1.2
신한BNP파리바,신한단기국공채공모주 증권투자신탁A1(채권혼합),0.62,3.04,2.77,6.44,5,채권혼합형,0.5,0.5
신한BNP파리바,신한단기국공채공모주 증권투자신탁C-e(채권혼합),0.61,3.03,2.75,6.39,5,채권혼합형,,0.55
신한BNP파리바,신한단기국공채공모주 증권투자신탁C1(채권혼합),0.59,2.96,2.62,6.12,5,채권혼합형,,0.8
신한BNP파리바,신한베스트크레딧단기증권자투자신탁[채권]A-e,0.27,0.19,0,0,5,채권형,0.15,0.18
신한BNP파리바,신한베스트크레딧단기증권자투자신탁[채권]A1,0.27,0.8,0,0,5,채권형,0.3,0.23
신한BNP파리바,신한베스트크레딧단기증권자투자신탁[채권]C,0.25,0.75,0,0,5,채권형,,0.38
신한BNP파리바,신한베스트크레딧단기증권자투자신탁[채권]C-e,0.26,0.78,0,0,5,채권형,,0.255
신한BNP파리바,신한삼성전자알파증권투자신탁제1호(채권혼합)A-e,0.07,7.29,8,0,4,채권혼합형,0.35,0.44
신한BNP파리바,신한삼성전자알파증권투자신탁제1호(채권혼합)A1,0.06,7.28,7.97,0,4,채권혼합형,0.7,0.49
신한BNP파리바,신한삼성전자알파증권투자신탁제1호(채권혼합)C-e,0.05,7.25,7.91,0,4,채권혼합형,,0.312
신한BNP파리바,신한삼성전자알파증권투자신탁제1호(채권혼합)C-p,0.04,7.22,7.84,0,4,채권혼합형,,0.74
신한BNP파리바,신한삼성전자알파증권투자신탁제1호(채권혼합)C-pe,0.06,7.26,7.94,0,4,채권혼합형,,0.56
신한BNP파리바,신한삼성전자알파증권투자신탁제1호(채권혼합)C-w,0.07,7.31,8.03,0,4,채권혼합형,,0.39
신한BNP파리바,신한삼성전자알파증권투자신탁제1호(채권혼합)C1,0.03,7.19,7.79,0,4,채권혼합형,,0.83
신한BNP파리바,신한중국더단기증권자투자신탁(H)A1[채권-재간접],0.38,-0.19,-0.42,-0.73,5,재간접투자,0.5,0.3
신한BNP파리바,신한중국더단기증권자투자신탁(H)C-e[채권-재간접],0.38,-0.18,-0.4,-0.68,5,재간접투자,,0.25
신한BNP파리바,신한중국더단기증권자투자신탁(H)C1[채권-재간접],0.36,-0.24,-0.53,-0.93,5,재간접투자,,0.5
신한BNP파리바,신한중국본토인덱스증권자투자신탁1호(H)(주식) A-e ,4.79,12.33,12.24,38,2,주식형,0.5,0.545
신한BNP파리바,신한중국본토인덱스증권자투자신탁1호(H)(주식) A1 ,4.78,12.29,12.15,37.78,2,주식형,1,0.715
신한BNP파리바,신한중국본토인덱스증권자투자신탁1호(H)(주식) C-e ,4.78,12.28,12.15,37.76,2,주식형,,0.725
신한BNP파리바,신한중국본토인덱스증권자투자신탁1호(H)(주식) C1 ,4.74,12.14,11.85,37.05,2,주식형,,1.275
신한BNP파리바,신한중국본토인덱스증권자투자신탁1호(H)(주식) Cw ,8.94,8.94,8.94,16.78,2,주식형,,0.375
에셋원자산운용,에셋원공모주코스닥벤처기업증권투자신탁(주식혼합-파생형)A,0.27,13.4,18.91,52.53,2,파생상품,1,1.137
에셋원자산운용,에셋원공모주코스닥벤처기업증권투자신탁(주식혼합-파생형)A-e,0.29,13.47,19.06,52.9,2,파생상품,0.5,0.887
에셋원자산운용,에셋원공모주코스닥벤처기업증권투자신탁(주식혼합-파생형)C,0.23,13.26,18.62,51.78,2,파생상품,,1.637
에셋원자산운용,에셋원공모주코스닥벤처기업증권투자신탁(주식혼합-파생형)C-e,0.27,13.41,18.93,52.59,2,파생상품,,1.087
에셋플러스자산운용,에셋플러스글로벌리치투게더증권자투자신탁1호(주식)A,5.29,17.75,21.49,33.49,2,주식형,1,1.7
에셋플러스자산운용,에셋플러스글로벌리치투게더증권자투자신탁1호(주식)Ae,5.32,17.84,21.66,33.88,2,주식형,0.5,1.41
에셋플러스자산운용,에셋플러스글로벌리치투게더증권자투자신탁1호(주식)C,5.26,17.66,21.28,33.03,2,주식형,,2.05
에셋플러스자산운용,에셋플러스글로벌리치투게더증권자투자신탁1호(주식)C-P,5.29,17.76,21.49,33.51,2,주식형,,1.69
에셋플러스자산운용,에셋플러스글로벌리치투게더증권자투자신탁1호(주식)C-Pe,5.34,17.89,21.78,34.14,2,주식형,,1.21
에셋플러스자산운용,에셋플러스글로벌리치투게더증권자투자신탁1호(주식)Ce,5.3,17.79,21.55,33.65,2,주식형,,1.585
에셋플러스자산운용,에셋플러스글로벌리치투게더증권자투자신탁1호(주식)W,0,0,0,0,2,주식형,,1.12
에셋플러스자산운용,에셋플러스코리아리치투게더증권자투자신탁1호(주식)A,12.75,35.18,37.1,62.44,2,주식형,0.9,1.4
에셋플러스자산운용,에셋플러스코리아리치투게더증권자투자신탁1호(주식)Ae,12.78,35.25,37.25,62.81,2,주식형,0.45,1.16
에셋플러스자산운용,에셋플러스코리아리치투게더증권자투자신탁1호(주식)C,12.72,35.09,36.9,61.94,2,주식형,,1.72
에셋플러스자산운용,에셋플러스코리아리치투게더증권자투자신탁1호(주식)Ce,12.76,35.2,37.15,62.56,2,주식형,,1.32
에셋플러스자산운용,에셋플러스코리아리치투게더증권자투자신탁1호(주식)w,12.8,35.33,37.42,63.2,2,주식형,,0.92
우리G자산운용,우리G PIMCO글로벌투자등급증권자투자신탁(채권-재간접형)(H)A,-0.63,1.9,1.66,1.44,4,재간접투자,0.7,0.895
우리G자산운용,우리G PIMCO글로벌투자등급증권자투자신탁(채권-재간접형)(H)Ae,-0.61,1.98,1.81,1.75,4,재간접투자,0.35,0.595
우리G자산운용,우리G PIMCO글로벌투자등급증권자투자신탁(채권-재간접형)(H)C,-0.67,1.8,1.46,1.02,4,재간접투자,,1.295
우리G자산운용,우리G PIMCO글로벌투자등급증권자투자신탁(채권-재간접형)(H)Ce,-0.65,1.85,1.56,1.23,4,재간접투자,,1.095
우리G자산운용,우리G PIMCO글로벌투자등급증권자투자신탁(채권-재간접형)(H)P2,-0.63,1.91,1.66,1.44,4,재간접투자,,0.895
우리G자산운용,우리G PIMCO글로벌투자등급증권자투자신탁(채권-재간접형)(H)Pe2,-0.61,1.98,1.82,1.76,4,재간접투자,,0.585
우리G자산운용,우리G PIMCO토탈리턴증권자(채권-재간접)C-W,-0.67,0.7,0.09,4.63,5,재간접투자,,0.245
우리G자산운용,우리G PIMCO토탈리턴증권자투자신탁A(채권-재간접),-0.72,0.55,-0.21,4.01,5,재간접투자,0.7,0.845
우리G자산운용,우리G PIMCO토탈리턴증권자투자신탁C(E)(채권재간),-0.74,0.5,-0.31,3.8,5,재간접투자,,1.045
우리G자산운용,우리G PIMCO토탈리턴증권자투자신탁C(채권-재간접),-0.75,0.45,-0.41,3.59,5,재간접투자,,1.245
우리G자산운용,우리G PIMCO토탈리턴증권자투자신탁P2(채권-재간접),-0.75,0.45,-0.4,3.61,5,재간접투자,,1.225
우리G자산운용,우리G PIMCO토탈리턴증권자투자신탁Pe2(채권-재간접),-0.71,0.58,-0.16,4.12,5,재간접투자,,0.735
우리G자산운용,우리G 브릭스 증권자투자신탁[주식]A,6.46,17.06,8.15,-4.43,2,주식형,1.2,1.98
우리G자산운용,우리G 브릭스 증권자투자신탁[주식]C-W,-0.27,-0.27,-0.27,-6.32,2,주식형,,0.98
우리G자산운용,우리G 브릭스 증권자투자신탁[주식]C1,6.42,16.92,7.89,-4.91,2,주식형,,2.48
우리G자산운용,우리G 브릭스 증권자투자신탁[주식]Ce,6.46,17.08,8.18,-4.38,2,주식형,,1.92
우리G자산운용,우리G코리아ESG증권자투자신탁(주식)A,5.57,34.49,39.27,55.08,2,주식형,0.5,1
우리G자산운용,우리G코리아ESG증권자투자신탁(주식)Ae,5.58,0,0,0,2,주식형,0.3,0.85
우리G자산운용,우리G코리아ESG증권자투자신탁(주식)C,5.53,34.34,38.93,54.34,2,주식형,,1.5
우리G자산운용,우리G코리아ESG증권자투자신탁(주식)C-W,-0.3,-0.3,-0.3,-0.3,2,주식형,,0.65
우리G자산운용,우리G코리아ESG증권자투자신탁(주식)Ce,5.57,34.48,39.26,55.07,2,주식형,,1
우리자산운용,우리 중소형고배당증권자투자신탁1호A(주식),2.62,29.92,34.48,72.98,2,주식형,1,0.992
우리자산운용,우리 중소형고배당증권자투자신탁1호C(주식),2.58,29.78,34.18,72.21,2,주식형,,1.492
우리자산운용,우리 중소형고배당증권자투자신탁1호C-W(주식),2.66,30.06,34.78,73.76,2,주식형,,0.492
우리자산운용,우리 중소형고배당증권자투자신탁1호Ce(주식,2.59,29.83,34.29,72.51,2,주식형,,1.292
우리자산운용,우리단기채권증권투자신탁A(채권),0.18,0.52,0.89,2.04,6,채권형,0.05,0.25
우리자산운용,우리단기채권증권투자신탁A-G(채권),0.18,0.53,0.91,2.08,6,채권형,0.0375,0.212
우리자산운용,우리단기채권증권투자신탁Ae(채권),0.18,0.53,0.92,2.09,6,채권형,0.03,0.2
우리자산운용,우리단기채권증권투자신탁C(채권),0.16,0.47,0.79,1.83,6,채권형,,0.45
우리자산운용,우리단기채권증권투자신탁C-G(채권),0.17,0.49,0.83,1.92,6,채권형,,0.362
우리자산운용,우리단기채권증권투자신탁C-P1(채권),0.17,0.48,0.82,1.9,6,채권형,,0.38
우리자산운용,우리단기채권증권투자신탁C-P1e(채권),0.18,0.52,0.9,2.05,6,채권형,,0.24
우리자산운용,우리단기채권증권투자신탁Ce(채권),0.18,0.51,0.88,2.01,6,채권형,,0.275
우리자산운용,우리중소형고배당30증권투자신탁1호 C-e(채권혼합),-0.38,6.05,5.53,16.95,4,채권혼합형,,0.992
우리자산운용,우리중소형고배당30증권투자신탁1호C(채권혼합),-0.41,5.95,5.32,16.49,4,채권혼합형,,1.392
우리자산운용,우리중소형고배당증권자투자신탁1호C-P1(주식),2.58,29.79,34.21,72.29,2,주식형,,1.442
우리자산운용,우리중소형고배당증권자투자신탁1호C-P1e(주식),2.62,29.92,34.48,73,2,주식형,,0.967
우리자산운용,우리하이플러스채권증권자투자신탁1호(채권)A(선취무),0.19,0.55,0.77,1.79,6,채권형,,0.59
우리자산운용,우리하이플러스채권증권자투자신탁1호(채권)A-e(선취무),0.2,0.6,0.87,1.99,6,채권형,,0.391
우리자산운용,우리하이플러스채권증권자투자신탁1호(채권)B(선취유),0.2,0.6,0.87,1.99,6,채권형,0.3,0.392
우리자산운용,우리하이플러스채권증권자투자신탁1호(채권)C-P1,0.2,0.58,0.83,1.91,6,채권형,,0.471
우리자산운용,우리하이플러스채권증권자투자신탁1호(채권)C-P1e,0.21,0.61,0.9,2.05,6,채권형,,0.331
우리자산운용,우리하이플러스채권증권자투자신탁1호(채권)C-W,0.22,0.65,0.97,-1.13,6,채권형,,0.192
유리자산운용,유리MKF웰스토탈인덱스증권자투자신탁(주식)A,6.7,35.78,45.43,44.8,2,주식형,1,0.545
유리자산운용,유리MKF웰스토탈인덱스증권자투자신탁(주식)C,6.66,35.63,45.11,44.14,2,주식형,,1.045
유리자산운용,유리MKF웰스토탈인덱스증권자투자신탁(주식)C-e,6.68,35.68,45.23,44.4,2,주식형,,0.845
유리자산운용,유리글로벌거래소증권자투자신탁1호(주식)A,4.26,12.6,3.98,9.55,3,주식형,1,1.685
유리자산운용,유리글로벌거래소증권자투자신탁1호(주식)C,4.24,12.55,3.87,9.33,3,주식형,,1.885
유리자산운용,유리글로벌거래소증권자투자신탁1호(주식)C-W,4.33,12.85,4.44,10.52,3,주식형,,0.785
유리자산운용,유리글로벌거래소증권자투자신탁1호(주식)Ce,4.29,12.7,4.16,9.93,3,주식형,,1.335
유리자산운용,유리블록딜공모주증권투자신탁(채권혼합)A-e,0.27,0.47,0.38,3.5,4,채권혼합형,0.35,0.65
유리자산운용,유리블록딜공모주증권투자신탁(채권혼합)A1,0.28,0.49,0.43,3.6,4,채권혼합형,1,0.55
유리자산운용,유리블록딜공모주증권투자신탁(채권혼합)C,0.2,0.27,-0.02,2.68,4,채권혼합형,,1.45
유리자산운용,유리블록딜공모주증권투자신탁(채권혼합)C-e,0.24,0.39,0.23,3.19,4,채권혼합형,,0.95
유진자산운용,유진챔피언단기채증권자투자신탁(채권) A,0.14,0.36,0.62,1.64,6,채권형,0.1,0.3
유진자산운용,유진챔피언단기채증권자투자신탁(채권) A-E,0.14,0.39,0.67,1.74,6,채권형,0.05,0.2
유진자산운용,유진챔피언단기채증권자투자신탁(채권) C,0.13,0.34,0.57,1.54,6,채권형,,0.39
유진자산운용,유진챔피언단기채증권자투자신탁(채권) C-E,0.14,0.38,0.65,1.69,6,채권형,,0.245
유진자산운용,유진챔피언단기채증권자투자신탁(채권) C-W,0.15,0.42,0.72,1.84,6,채권형,,0.1
유진자산운용,유진챔피언단기채증권자투자신탁(채권)A2,0.15,0.4,0.7,1.79,6,채권형,0.3,0.15
유진자산운용,유진챔피언단기채증권자투자신탁(채권)C-P1,0.13,0.36,0.61,1.6,6,채권형,,0.33
유진자산운용,유진챔피언단기채증권자투자신탁(채권)C-Pe,0.14,0.39,0.67,1.73,6,채권형,,0.21
유진자산운용,유진챔피언중단기채증권자투자신탁(채권)A,0.19,0.53,0.79,1.86,5,채권형,0.1,0.32
유진자산운용,유진챔피언중단기채증권자투자신탁(채권)A-E,0.2,0.55,0.84,1.95,5,채권형,0.05,0.22
유진자산운용,유진챔피언중단기채증권자투자신탁(채권)A2,0.2,0.56,0.32,1.46,5,채권형,0.3,0.17
유진자산운용,유진챔피언중단기채증권자투자신탁(채권)C,0.18,0.5,0.74,1.76,5,채권형,,0.41
유진자산운용,유진챔피언중단기채증권자투자신탁(채권)C-E,0.2,0.54,0.81,1.91,5,채권형,,0.265
유진자산운용,유진챔피언중단기채증권자투자신탁(채권)C-P,0.19,0.51,-0.8,0.24,5,채권형,,0.35
유진자산운용,유진챔피언중단기채증권자투자신탁(채권)C-Pe,0.2,0.55,0.83,1.94,5,채권형,,0.23
이스트스프링자산운용코리아,이스트스프링 K단기채알파증권투자신탁(채권혼합)A,-0.17,1.35,0,0,4,채권혼합형,0.5,0.58
이스트스프링자산운용코리아,이스트스프링 K단기채알파증권투자신탁(채권혼합)Ae,-0.16,1.39,0,0,4,채권혼합형,0.25,0.46
이스트스프링자산운용코리아,이스트스프링 K단기채알파증권투자신탁(채권혼합)C,-0.19,1.27,0,0,4,채권혼합형,,0.9
이스트스프링자산운용코리아,이스트스프링 K단기채알파증권투자신탁(채권혼합)Ce,-0.17,1.34,0,0,4,채권혼합형,,0.62
이스트스프링자산운용코리아,이스트스프링 공모주올스타증권투자신탁(채권혼합-재간접형)A,0.43,1.91,0,0,5,재간접투자,0.7,0.5825
이스트스프링자산운용코리아,이스트스프링 공모주올스타증권투자신탁(채권혼합-재간접형)C,0.39,1.79,0,0,5,재간접투자,,1.0825
이스트스프링자산운용코리아,이스트스프링글로벌리더스증권자투자신탁(주식)A,3.39,11.69,13.25,25.63,2,주식형,1.2,2.01
이스트스프링자산운용코리아,이스트스프링글로벌리더스증권자투자신탁(주식)A-E,3.44,11.84,13.56,26.29,2,주식형,0.6,1.46
이스트스프링자산운용코리아,이스트스프링글로벌리더스증권자투자신탁(주식)C,3.36,11.59,13.03,25.13,2,주식형,,2.41
이스트스프링자산운용코리아,이스트스프링글로벌리더스증권자투자신탁(주식)C-E,3.42,11.78,13.45,26.04,2,주식형,,1.66
이스트스프링자산운용코리아,이스트스프링글로벌리더스증권자투자신탁(주식)C-P2,3.42,11.78,13.43,26.02,2,주식형,,1.68
이스트스프링자산운용코리아,이스트스프링글로벌리더스증권자투자신탁(주식)C-P2E,3.45,11.88,13.65,26.47,2,주식형,,1.3
이스트스프링자산운용코리아,이스트스프링글로벌리더스증권자투자신탁(주식)C-W,3.48,11.98,13.86,26.95,2,주식형,,0.91
이스트스프링자산운용코리아,이스트스프링글로벌스마트베타EMP증권자(H)(주식-재간접형)A,3.73,16.3,18.21,11.31,2,재간접투자,0.8,1.043
이스트스프링자산운용코리아,이스트스프링글로벌스마트베타EMP증권자(H)(주식-재간접형)A-E,3.75,16.38,18.38,11.64,2,재간접투자,0.4,0.743
이스트스프링자산운용코리아,이스트스프링글로벌스마트베타EMP증권자(H)(주식-재간접형)C,3.71,16.22,18.03,10.99,2,재간접투자,,1.343
이스트스프링자산운용코리아,이스트스프링글로벌스마트베타EMP증권자(H)(주식-재간접형)C-E,3.74,16.34,18.28,11.46,2,재간접투자,,0.893
이스트스프링자산운용코리아,이스트스프링글로벌스마트베타EMP증권자(H)(주식-재간접형)C-P2,3.74,16.34,18.28,11.78,2,재간접투자,,0.983
이스트스프링자산운용코리아,이스트스프링글로벌스마트베타EMP증권자(H)(주식-재간접형)C-P2E,3.76,16.39,18.39,11.66,2,재간접투자,,0.713
이스트스프링자산운용코리아,이스트스프링미국뱅크론특별자산자투자(H)(대출채권-재간접)A,0.59,3.63,3.79,-4.97,4,특별자산투자,0.7,1.104
이스트스프링자산운용코리아,이스트스프링미국뱅크론특별자산자투자(H)(대출채권-재간접)C,0.57,3.55,3.64,-5.25,4,특별자산투자,,1.404
이스트스프링자산운용코리아,이스트스프링미국뱅크론특별자산자투자(H)(대출채권-재간접)Ce,0.61,3.68,3.9,-4.78,4,특별자산투자,,0.904
이스트스프링자산운용코리아,이스트스프링코리아리더스증권자투자신탁A(주식),6.21,35.08,34.06,49.2,2,주식형,1,1.7
이스트스프링자산운용코리아,이스트스프링코리아리더스증권자투자신탁C-W(주식),6.29,35.37,34.7,50.62,2,주식형,,0.7
이스트스프링자산운용코리아,이스트스프링코리아리더스증권자투자신탁Ce(주식),6.25,35.22,34.37,49.89,2,주식형,,1.2
이스트스프링자산운용코리아,이스트스프링코리아채권증권자투자신탁A(채권),0.02,-0.13,-0.61,0.9,5,채권형,0.5,0.583
이스트스프링자산운용코리아,이스트스프링코리아채권증권자투자신탁C(채권),0.01,-0.17,-0.68,0.75,5,채권형,,0.733
이스트스프링자산운용코리아,이스트스프링코리아채권증권자투자신탁C-E(채권),0.01,-0.14,-0.63,0.85,5,채권형,,0.633
칸서스자산운용,칸서스튼튼단기채증권투자신탁1호(채권)A,0.21,0.51,0.89,2.06,5,채권형,0.25,0.16
칸서스자산운용,칸서스튼튼단기채증권투자신탁1호(채권)A-e,0.21,0.52,0.9,2.08,5,채권형,0.14,0.14
칸서스자산운용,칸서스튼튼단기채증권투자신탁1호(채권)C,0.19,0.46,0.78,1.85,5,채권형,,0.36
칸서스자산운용,칸서스튼튼단기채증권투자신탁1호(채권)C-e,0.2,0.5,0.85,1.99,5,채권형,,0.23
칸서스자산운용,칸서스튼튼채권탄탄공모주증권투자신탁1호(채권혼합)A,0.05,0.37,1.08,2.73,5,채권혼합형,0.5,0.545
칸서스자산운용,칸서스튼튼채권탄탄공모주증권투자신탁1호(채권혼합)A-e,0.06,0.41,1.16,2.45,5,채권혼합형,0.2,0.395
칸서스자산운용,칸서스튼튼채권탄탄공모주증권투자신탁1호(채권혼합)C,0.02,0.3,0.93,2.42,5,채권혼합형,,0.845
칸서스자산운용,칸서스튼튼채권탄탄공모주증권투자신탁1호(채권혼합)C-e,0.05,0.37,1.08,2.73,5,채권혼합형,,0.545
칸서스자산운용,칸서스튼튼채권탄탄공모주증권투자신탁1호(채권혼합)C-p1,0.03,0.31,0,0,5,채권혼합형,,0.795
칸서스자산운용,칸서스튼튼채권탄탄공모주증권투자신탁1호(채권혼합)C-p1e,0.05,0.38,1.12,2.92,5,채권혼합형,,0.52
칸서스자산운용,칸서스튼튼채권탄탄공모주증권투자신탁1호(채권혼합)C-w,0.08,0.45,1.24,1.39,5,채권혼합형,,0.245
코레이트자산운용,코레이트트리플스타증권투자신탁A[주식],6.92,41.25,42.65,64.08,3,주식형,0.5,1.75
코레이트자산운용,코레이트트리플스타증권투자신탁C1[주식],6.88,41.09,42.31,63.29,3,주식형,,2.25
코레이트자산운용,코레이트트리플스타증권투자신탁Ce[주식],6.92,41.25,42.66,64.13,3,주식형,,1.71
키움투자자산운용,키움 단기국공채플러스증권투자신탁제1호[채권]C-W,0.08,0.17,0.31,-0.69,6,채권형,,0.07
키움투자자산운용,키움글로벌5G차세대네트워크증권자투자신탁(H)[주식]A,6.09,22.84,24.24,42.15,2,주식형,1,1.65
키움투자자산운용,키움글로벌5G차세대네트워크증권자투자신탁(H)[주식]Ae,6.11,22.94,24.44,42.61,2,주식형,0.5,1.3
키움투자자산운용,키움글로벌5G차세대네트워크증권자투자신탁(H)[주식]C,6.06,22.76,24.06,41.75,2,주식형,,1.95
키움투자자산운용,키움글로벌5G차세대네트워크증권자투자신탁(H)[주식]C-P,6.1,22.87,24.29,42.25,2,주식형,,1.58
키움투자자산운용,키움글로벌5G차세대네트워크증권자투자신탁(H)[주식]C-Pe,6.12,22.95,24.47,42.67,2,주식형,,1.26
키움투자자산운용,키움글로벌5G차세대네트워크증권자투자신탁(H)[주식]C-W,6.15,23.04,24.66,41.53,2,주식형,,0.95
키움투자자산운용,키움글로벌5G차세대네트워크증권자투자신탁(H)[주식]Ce,6.1,22.9,24.35,42.41,2,주식형,,1.45
키움투자자산운용,키움단기국공채플러스증권투자신탁A(채권),0.06,0.12,0.2,1.28,6,채권형,0.02,0.27
키움투자자산운용,키움단기국공채플러스증권투자신탁Ae(채권),0.07,0.15,0.26,1.38,6,채권형,0.01,0.17
키움투자자산운용,키움단기국공채플러스증권투자신탁C(채권),0.05,0.11,0.18,1.22,6,채권형,,0.32
키움투자자산운용,키움단기국공채플러스증권투자신탁Ce(채권),0.06,0.14,0.24,1.35,6,채권형,,0.195
키움투자자산운용,키움달러표시우량채권증권자투자신탁(H)[채권]A,0.01,0.21,0.22,0,5,채권형,0.3,0.48
키움투자자산운용,키움달러표시우량채권증권자투자신탁(H)[채권]A-e,0.02,0.26,0.35,0,5,채권형,0.15,0.33
키움투자자산운용,키움달러표시우량채권증권자투자신탁(H)[채권]C,0.01,0.18,0.16,0,5,채권형,,0.58
키움투자자산운용,키움달러표시우량채권증권자투자신탁(H)[채권]C-W,0.04,-0.02,0,0,5,채권형,,0.18
키움투자자산운용,키움달러표시우량채권증권자투자신탁(H)[채권]C-e,0.01,0.22,0.24,0,5,채권형,,0.38
키움투자자산운용,키움더드림중장기우량채증권자투자신탁제1호(채권)A-e,-0.1,-0.3,-0.73,0.86,5,채권형,0.2,0.265
키움투자자산운용,키움더드림중장기우량채증권자투자신탁제1호(채권)A1,-0.11,-0.33,-0.79,0.74,5,채권형,0.4,0.39
키움투자자산운용,키움더드림중장기우량채증권자투자신탁제1호(채권)C-P,-0.12,-0.36,-0.84,-1.74,5,채권형,,0.34
키움투자자산운용,키움더드림중장기우량채증권자투자신탁제1호(채권)C-Pe,-0.11,-0.31,-0.75,0.82,5,채권형,,0.31
키움투자자산운용,키움더드림중장기우량채증권자투자신탁제1호(채권)C-W,0,0.09,-0.31,-3.24,5,채권형,,0.14
키움투자자산운용,키움더드림중장기우량채증권자투자신탁제1호(채권)C-e,-0.11,-0.32,-0.77,0.79,5,채권형,,0.34
키움투자자산운용,키움더드림중장기우량채증권자투자신탁제1호(채권)C1,-0.13,-0.37,-0.87,0.59,5,채권형,,0.54
키움투자자산운용,키움장기코어밸류증권자투자신탁(주식)A1,6.54,34.75,38.39,46.17,2,주식형,1,1.25
키움투자자산운용,키움장기코어밸류증권자투자신탁(주식)C-P,6.53,34.74,38.36,46.08,2,주식형,,1.32
키움투자자산운용,키움장기코어밸류증권자투자신탁(주식)C-Pe,6.56,34.83,38.59,46.62,2,주식형,,0.93
키움투자자산운용,키움장기코어밸류증권자투자신탁(주식)C-W,6.6,34.95,38.84,47.16,2,주식형,,0.55
키움투자자산운용,키움장기코어밸류증권자투자신탁(주식)C1,6.48,34.54,37.94,45.19,2,주식형,,1.95
키움투자자산운용,키움장기코어밸류증권자투자신탁(주식)Ce,6.56,34.81,38.52,46.46,2,주식형,,1.05
키움투자자산운용,키움쿼터백글로벌EMP로보어드바이저증권A(주식-재간접),4.41,17.86,19.47,18,2,재간접투자,,1.46
키움투자자산운용,키움쿼터백글로벌EMP로보어드바이저증권A(주혼-재간접),3.07,13.05,14.05,16.27,3,재간접투자,,1.26
키움투자자산운용,키움쿼터백글로벌EMP로보어드바이저증권A(채혼-재간접),0.64,5.29,4.26,6.95,4,재간접투자,,1.26
키움투자자산운용,키움쿼터백글로벌EMP로보어드바이저증권C-W(주식-재간접),4.46,18.02,19.39,18.25,2,재간접투자,,0.86
키움투자자산운용,키움쿼터백글로벌EMP로보어드바이저증권C-W(주혼-재간접),3.12,13.18,14.33,16.28,3,재간접투자,,0.76
키움투자자산운용,키움쿼터백글로벌EMP로보어드바이저증권C-W(채혼-재간접),0.69,5.41,4.52,6.94,4,재간접투자,,0.76
트러스톤자산운용,트러스톤 장기성장30 증권자투자신탁A[채권혼합],1.61,8.26,9.53,10.57,4,채권혼합형,0.5,0.837
트러스톤자산운용,트러스톤 장기성장30 증권자투자신탁C[채권혼합],1.57,8.13,9.26,10.02,4,채권혼합형,,1.337
트러스톤자산운용,트러스톤 장기성장30 증권자투자신탁Ce[채권혼합],1.59,8.18,9.37,10.24,4,채권혼합형,,1.137
트러스톤자산운용,트러스톤 칭기스칸 증권투자신탁(주식) C1,5.22,31.51,36.45,32.63,2,주식형,,2.297
트러스톤자산운용,트러스톤 칭기스칸 증권투자신탁(주식) Ce,5.27,31.6,36.71,33.22,2,주식형,,1.797
트러스톤자산운용,트러스톤 칭기스칸 증권투자신탁(주식) W,5.35,31.89,37.37,34.57,2,주식형,,0.797
트러스톤자산운용,트러스톤 칭기스칸 증권투자신탁(주식)A,5.28,31.63,36.78,33.35,2,주식형,1,1.697
트러스톤자산운용,트러스톤다이나믹코리아30증권자투자신탁A[채권혼합],1.26,3.12,4.27,3.41,5,채권혼합형,0.3,0.8
트러스톤자산운용,트러스톤다이나믹코리아30증권자투자신탁C[채권혼합],1.24,3.07,4.16,3.2,5,채권혼합형,,1
트러스톤자산운용,트러스톤다이나믹코리아30증권자투자신탁Ce[채권혼합],1.26,3.13,4.3,3.46,5,채권혼합형,,0.75
트러스톤자산운용,트러스톤다이나믹코리아30증권자투자신탁Cp-E[채권혼합],1.27,3.15,4.32,3.51,5,채권혼합형,,0.7
트러스톤자산운용,트러스톤다이나믹코리아30증권자투자신탁Cp[채권혼합],1.25,3.08,4.19,3.26,5,채권혼합형,,0.95
트러스톤자산운용,트러스톤다이나믹코리아50증권자W[주식혼합],3.04,8.15,10.43,5.02,4,주식혼합형,,0.63
트러스톤자산운용,트러스톤다이나믹코리아50증권자투자신탁A[주식혼합,3,8.02,10.16,4.49,4,주식혼합형,1,1.13
트러스톤자산운용,트러스톤다이나믹코리아50증권자투자신탁C-G[주식혼,0,0,0,0,4,주식혼합형,,1.313
트러스톤자산운용,트러스톤다이나믹코리아50증권자투자신탁C1[주식혼,2.91,7.76,9.62,3.44,4,주식혼합형,,2.13
트러스톤자산운용,트러스톤다이나믹코리아50증권자투자신탁Ce[주식혼합],3,8.03,10.16,4.49,4,주식혼합형,,1.13
트러스톤자산운용,트러스톤다이나믹코리아50증권자투자신탁Cp(주식혼합),2.98,7.96,10.03,4.25,4,주식혼합형,,1.36
트러스톤자산운용,트러스톤다이나믹코리아50증권자투자신탁Cp-E(주식혼합),3.02,8.08,10.28,4.73,4,주식혼합형,,0.91
트러스톤자산운용,트러스톤로보자산배분증권자투자신탁(주식혼합-재간접형)A,5.54,15.88,14.99,22.4,4,재간접투자,0.8,0.88
트러스톤자산운용,트러스톤로보자산배분증권자투자신탁(주식혼합-재간접형)Ae,5.56,15.93,15.1,22.64,4,재간접투자,0.4,0.68
트러스톤자산운용,트러스톤로보자산배분증권자투자신탁(주식혼합-재간접형)C,5.51,15.77,14.75,21.9,4,재간접투자,,1.3
트러스톤자산운용,트러스톤로보자산배분증권자투자신탁(주식혼합-재간접형)CP,5.53,11.74,11.74,11.74,4,재간접투자,,0.98
트러스톤자산운용,트러스톤로보자산배분증권자투자신탁(주식혼합-재간접형)Ce,5.54,-6.08,-6.79,-0.58,4,재간접투자,,0.89
트러스톤자산운용,트러스톤로보자산배분증권자투자신탁(주식혼합-재간접형)Cp-E,5.56,15.92,15.07,22.58,4,재간접투자,,0.73
트러스톤자산운용,트러스톤아시아장기성장주증권자투자신탁(H)(주식)A,8.46,22.02,24.3,32.57,2,주식형,1,1.67
트러스톤자산운용,트러스톤아시아장기성장주증권자투자신탁(H)(주식)Ae,8.5,22.12,24.51,33.03,2,주식형,0.5,1.32
트러스톤자산운용,트러스톤아시아장기성장주증권자투자신탁(H)(주식)C,8.41,21.89,23.99,31.78,2,주식형,,2.27
트러스톤자산운용,트러스톤아시아장기성장주증권자투자신탁(H)(주식)Ce,8.48,22.07,24.42,32.84,2,주식형,,1.47
트러스톤자산운용,트러스톤아시아장기성장주증권자투자신탁(H)(주식)Cp,8.46,22.04,24.32,32.57,2,주식형,,1.69
트러스톤자산운용,트러스톤아시아장기성장주증권자투자신탁(H)(주식)Cp-E,8.49,22.11,24.5,33.01,2,주식형,,1.33
트러스톤자산운용,트러스톤인덱스알파증권자투자신탁A(주식-파생),4.96,35.32,40.24,47.83,2,파생상품,0.8,0.389
트러스톤자산운용,트러스톤인덱스알파증권자투자신탁C(주식-파생),4.92,35.16,39.9,47.13,2,파생상품,,0.889
트러스톤자산운용,트러스톤인덱스알파증권자투자신탁Ce(주식-파생),4.95,35.29,40.18,47.7,2,파생상품,,0.489
트러스톤자산운용,트러스톤장기고배당증권자투자신탁A(주식),4.3,30.99,41.9,41.14,2,주식형,1,1.45
트러스톤자산운용,트러스톤장기고배당증권자투자신탁C(주식),4.24,30.78,33.4,34.68,2,주식형,,2.05
트러스톤자산운용,트러스톤장기고배당증권자투자신탁Ce(주식),4.31,31.04,42.02,41.4,2,주식형,,1.25
트러스톤자산운용,트러스톤제갈공명증권투자신탁[주식]A,7.29,37.63,46.99,50.88,2,주식형,1,1.685
트러스톤자산운용,트러스톤제갈공명증권투자신탁[주식]C1,7.27,37.46,46.63,50.17,2,주식형,,2.285
트러스톤자산운용,트러스톤제갈공명증권투자신탁[주식]Ce,7.29,37.61,46.93,50.74,2,주식형,,1.785
트러스톤자산운용,트러스톤코리아외화채권증권자투자신탁(H)A(채권),0.28,0.48,0.18,3.28,5,채권형,0.24,0.433
트러스톤자산운용,트러스톤코리아외화채권증권자투자신탁(H)C(채권),0.27,0.44,0.1,3.11,5,채권형,,0.593
트러스톤자산운용,트러스톤코리아외화채권증권자투자신탁(UH)A(채권),3.32,-0.94,-5.33,-1.08,4,채권형,0.24,0.433
트러스톤자산운용,트러스톤코리아외화채권증권자투자신탁(UH)C(채권),3.31,-0.98,-5.4,-1.24,4,채권형,,0.593
트러스톤자산운용,트러스톤코리아외화채권증권자투자신탁(UH)Ce(채권),3.32,-0.93,-5.31,-1.05,4,채권형,,0.403
트러스톤자산운용,트러스톤핀셋중소형증권자투자신탁(주식)A,6.21,31.26,27.68,42.07,2,주식형,1,1.45
트러스톤자산운용,트러스톤핀셋중소형증권자투자신탁(주식)Ae,6.24,31.36,27.9,42.54,2,주식형,0.5,1.1
트러스톤자산운용,트러스톤핀셋중소형증권자투자신탁(주식)C,6.18,31.17,27.5,41.64,2,주식형,,1.75
트러스톤자산운용,트러스톤핀셋중소형증권자투자신탁(주식)CP,6.21,31.25,27.67,42,2,주식형,,1.47
트러스톤자산운용,트러스톤핀셋중소형증권자투자신탁(주식)CP-E,6.24,31.35,27.89,42.58,2,주식형,,1.11
트러스톤자산운용,트러스톤핀셋중소형증권자투자신탁(주식)Ce,6.22,31.31,27.8,42.36,2,주식형,,1.25
트러스톤자산운용,트러스톤핀셋중소형증권자투자신탁(주식)Cw,0,0,0,0,2,주식형,,0.75
프랭클린템플턴투자신탁운용,템플턴글로벌증권자투자신탁(채권-재간접형)A,-0.51,0.31,-0.12,-4.35,5,재간접투자,0.5,0.942
프랭클린템플턴투자신탁운용,템플턴글로벌증권자투자신탁(채권-재간접형)C-W,-0.47,0.41,0.08,-3.96,5,재간접투자,,0.542
프랭클린템플턴투자신탁운용,템플턴글로벌증권자투자신탁(채권-재간접형)E,-0.52,0.24,-0.23,-4.48,5,재간접투자,,1.242
프랭클린템플턴투자신탁운용,프랭클린그로스증권자투자신탁(주식)C,7.68,38.21,43.01,51.77,2,주식형,,1.8
프랭클린템플턴투자신탁운용,프랭클린글로벌스트레티지증권자투자신탁A(채권),0.05,1.07,0.7,0.82,5,채권형,0.7,0.748
프랭클린템플턴투자신탁운용,프랭클린글로벌스트레티지증권자투자신탁C(채권),0.02,0.99,0.55,0.52,5,채권형,,1.048
프랭클린템플턴투자신탁운용,프랭클린글로벌스트레티지증권자투자신탁C-e(채권),0.05,1.06,0.69,0.8,5,채권형,,0.768
프랭클린템플턴투자신탁운용,프랭클린미국금리연동플러스특별자산자투자A(대출채권,0.46,2.22,2.24,-1.22,4,특별자산투자,0.7,1.03
프랭클린템플턴투자신탁운용,프랭클린미국금리연동플러스특별자산자투자C(대출채권,0.42,2.09,1.99,-1.72,4,특별자산투자,,1.53
프랭클린템플턴투자신탁운용,프랭클린미국금리연동플러스특별자산자투자CW(대출채,0,0,0,0,4,특별자산투자,,0.63
프랭클린템플턴투자신탁운용,프랭클린미국금리연동플러스특별자산자투자Ce(대출채권),0.46,2.21,2.22,-1.27,4,특별자산투자,,1.08
프랭클린템플턴투자신탁운용,프랭클린미국인컴증권자투자신탁A(주식혼합-재간접형),0.59,8.46,9.13,0.86,3,재간접투자,1,0.84
프랭클린템플턴투자신탁운용,프랭클린미국인컴증권자투자신탁C(주식혼합-재간접형),0.57,8.39,8.97,0.55,3,재간접투자,,1.14
프랭클린템플턴투자신탁운용,프랭클린미국인컴증권자투자신탁Ce(주식혼합-재간접형),0.61,8.52,9.23,1.07,3,재간접투자,,0.64
프랭클린템플턴투자신탁운용,프랭클린미국하이일드증권자투자신탁A(채권재간접,0.43,4.34,4.49,4.07,4,재간접투자,0.5,0.84
프랭클린템플턴투자신탁운용,프랭클린미국하이일드증권자투자신탁C(채권재간접,0.41,4.27,4.34,3.76,4,재간접투자,,1.14
프랭클린템플턴투자신탁운용,프랭클린미국하이일드증권자투자신탁C-e(채권재간접,0.43,4.32,4.44,3.97,4,재간접투자,,0.94
프랭클린템플턴투자신탁운용,프랭클린재팬증권자투자신탁(UH)(주식) A,5.69,16.02,14.18,6.35,3,주식형,1,1.87
프랭클린템플턴투자신탁운용,프랭클린재팬증권자투자신탁(UH)(주식)C1,5.64,15.84,13.83,5.71,3,주식형,,2.47
프랭클린템플턴투자신탁운용,프랭클린재팬증권자투자신탁(UH)(주식)Ce,5.68,15.98,14.12,6.25,3,주식형,,1.97
프랭클린템플턴투자신탁운용,프랭클린재팬증권자투자신탁(주식)A,4.32,16.91,19.08,6.65,2,주식형,1,1.87
프랭클린템플턴투자신탁운용,프랭클린재팬증권자투자신탁(주식)Ae,4.36,17.04,19.34,7.12,2,주식형,0.5,1.42
프랭클린템플턴투자신탁운용,프랭클린재팬증권자투자신탁(주식)C-W,4.4,17.16,19.61,7.6,2,주식형,,0.97
하나UBS자산운용,하나UBS PIMCO글로벌인컴혼합자산자투자신탁(H)(재간접형)A,0.68,4.08,4.96,3.38,4,재간접투자,0.7,0.76
하나UBS자산운용,하나UBS PIMCO글로벌인컴혼합자산자투자신탁(H)(재간접형)A-E,0.69,4.13,5.06,3.59,4,재간접투자,0.35,0.56
하나UBS자산운용,하나UBS PIMCO글로벌인컴혼합자산자투자신탁(H)(재간접형)C,0.64,3.98,4.75,2.97,4,재간접투자,,1.16
하나UBS자산운용,하나UBS PIMCO글로벌인컴혼합자산자투자신탁(H)(재간접형)C-E,0.68,4.08,4.96,3.38,4,재간접투자,,0.76
하나UBS자산운용,하나UBS PIMCO글로벌인컴혼합자산자투자신탁(H)(재간접형)C-P,0.65,4,4.8,3.07,4,재간접투자,,1.06
하나UBS자산운용,하나UBS PIMCO글로벌인컴혼합자산자투자신탁(H)(재간접형)C-PE,0.68,4.09,4.98,3.43,4,재간접투자,,0.71
하나UBS자산운용,하나UBS PIMCO글로벌인컴혼합자산자투자신탁(H)(재간접형)W,0.71,4.18,5.17,3.88,4,재간접투자,,0.36
하나UBS자산운용,하나UBS 인Best연금증권자투자신탁제1호(주식혼합),2.7,18.1,18.25,28.37,4,주식혼합형,,1.375
하나UBS자산운용,하나UBS 인Best연금증권자투자신탁제1호(채권),-0.25,-0.64,-1.31,0.09,5,채권형,,0.855
하나UBS자산운용,하나UBS 인Best연금증권투자신탁제1호(주식),5.63,32.95,38.07,43.54,3,주식형,,1.535
하나UBS자산운용,하나UBS그레이터코리아증권자투자신탁(주식)A,5.59,32.7,37.76,42.68,2,주식형,1,1.45
하나UBS자산운용,하나UBS그레이터코리아증권자투자신탁(주식)A-E,5.61,32.78,37.97,43.35,2,주식형,0.5,1.117
하나UBS자산운용,하나UBS그레이터코리아증권자투자신탁(주식)C-E,5.56,32.62,37.56,42.25,2,주식형,,1.783
하나UBS자산운용,하나UBS그레이터코리아증권자투자신탁(주식)C-P,5.57,32.65,37.65,42.46,2,주식형,,1.608
하나UBS자산운용,하나UBS그레이터코리아증권자투자신탁(주식)C-PE,5.61,32.79,37.95,42.74,2,주식형,,1.196
하나UBS자산운용,하나UBS그레이터코리아증권자투자신탁(주식)C1,0,0,0,0,2,주식형,,2.283
하나UBS자산운용,하나UBS글로벌인프라증권자투자신탁A(주식),1.66,3.4,0.33,-9.98,4,주식형,1,1.87
하나UBS자산운용,하나UBS글로벌인프라증권자투자신탁A-e(주식),1.69,3.52,0.56,-9.57,4,주식형,0.5,1.42
하나UBS자산운용,하나UBS글로벌인프라증권자투자신탁C-P(주식),1.68,3.47,0.46,-9.75,4,주식형,,1.61
하나UBS자산운용,하나UBS글로벌인프라증권자투자신탁C-Pe(주식),1.7,3.55,0.62,-9.46,4,주식형,,1.29
하나UBS자산운용,하나UBS글로벌인프라증권자투자신탁C-e(주식),1.69,3.5,0.53,-9.62,4,주식형,,1.47
하나UBS자산운용,하나UBS글로벌인프라증권자투자신탁C1(주식),1.61,3.26,0.04,-10.51,4,주식형,,2.47
하나UBS자산운용,하나UBS코스닥벤처기업공모주증권투자신탁(주식혼합-파생형)A,-3.63,28.92,36.84,66.74,2,파생상품,1,1.295
하나UBS자산운용,하나UBS코스닥벤처기업공모주증권투자신탁(주식혼합-파생형)A-E,-3.61,28.98,37,67.17,2,파생상품,0.5,0.995
하나UBS자산운용,하나UBS코스닥벤처기업공모주증권투자신탁(주식혼합-파생형)AG,-3.61,28.96,36.96,67.05,2,파생상품,0.5,1.085
하나UBS자산운용,하나UBS코스닥벤처기업공모주증권투자신탁(주식혼합-파생형)C,-3.67,28.83,36.6,66.13,2,파생상품,,1.695
하나UBS자산운용,하나UBS코스닥벤처기업공모주증권투자신탁(주식혼합-파생형)C-E,-3.62,28.94,36.89,66.88,2,파생상품,,1.195
하나UBS자산운용,하나UBS코스닥벤처기업공모주증권투자신탁(주식혼합-파생형)CG,0,0,0,5.51,2,파생상품,,1.345
한국투자밸류자산운용,한국밸류 10년투자밸런스증권자투자신탁1호(주식)A,7.72,32.65,35.92,48.03,2,주식형,1,1.398
한국투자밸류자산운용,한국밸류 10년투자밸런스증권자투자신탁1호(주식)C,7.67,32.47,35.53,47.15,2,주식형,,1.998
한국투자밸류자산운용,한국밸류 10년투자밸런스증권자투자신탁1호(주식)C-E,7.74,32.71,36.04,48.33,2,주식형,,1.198
한국투자밸류자산운용,한국밸류 10년투자밸런스증권자투자신탁1호(주식)C-G,7.72,32.65,35.93,44.51,2,주식형,,1.398
한국투자밸류자산운용,한국밸류 10년투자연금증권전환형1호(주식)C,7.73,36.05,35.45,47.08,2,주식형,,1.534
한국투자밸류자산운용,한국밸류 10년투자연금증권전환형1호(주식)C-E,7.77,36.19,35.75,47.8,2,주식형,,1.054
한국투자밸류자산운용,한국밸류 10년투자연금증권전환형1호(채권)C,0.09,0.17,0.08,1.31,5,채권형,,0.538
한국투자밸류자산운용,한국밸류 10년투자연금증권전환형1호(채권)C-E,0.11,0.22,0.18,1.5,5,채권형,,0.358
한국투자밸류자산운용,한국밸류 10년투자증권투자신탁1호(주식)C,8.95,28.34,23.44,25.14,2,주식형,,1.804
한국투자밸류자산운용,한국밸류 10년투자증권투자신탁1호(주식)C-E,9,28.48,23.73,25.78,2,주식형,,1.304
한국투자밸류자산운용,한국밸류 10년투자증권투자신탁1호A(채권혼합),1.91,8.93,9.12,14.08,4,채권혼합형,0.5,0.924
한국투자밸류자산운용,한국밸류 10년투자증권투자신탁1호C(채권혼합),1.87,8.82,8.9,13.62,4,채권혼합형,,1.324
한국투자밸류자산운용,한국밸류 10년투자증권투자신탁1호C-E(채권혼합),1.91,8.94,9.14,14.13,4,채권혼합형,,0.874
한국투자밸류자산운용,한국밸류10년투자배당증권자투자신탁(주식)A,5.45,29.12,30.1,42.42,2,주식형,1,1.288
한국투자밸류자산운용,한국밸류10년투자배당증권자투자신탁(주식)C,5.4,28.93,29.71,41.56,2,주식형,,1.888
한국투자밸류자산운용,한국밸류10년투자배당증권자투자신탁(주식)C-P,5.43,29.05,29.95,42.07,2,주식형,,1.538
한국투자밸류자산운용,한국밸류10년투자배당증권자투자신탁(주식)C-Pe,5.47,29.18,30.23,42.75,2,주식형,,1.058
한국투자밸류자산운용,한국밸류10년투자배당증권자투자신탁(주식)C-W,5.51,29.32,30.53,43.42,2,주식형,,0.588
한국투자밸류자산운용,한국밸류10년투자배당증권자투자신탁(주식)Ce,5.47,29.17,30.22,42.71,2,주식형,,1.088
한국투자밸류자산운용,한국밸류10년투자어린이증권투자신탁1호(주식)A,13.53,43.02,38.15,47.9,2,주식형,1,1.048
한국투자밸류자산운용,한국밸류10년투자어린이증권투자신탁1호(주식)C,13.52,42.96,38.02,47.6,2,주식형,,1.248
한국투자밸류자산운용,한국밸류10년투자증권투자신탁1호(채권혼합)C-P,1.88,8.85,8.96,13.74,4,채권혼합형,,1.224
한국투자밸류자산운용,한국밸류10년투자증권투자신탁1호(채권혼합)C-Pe,1.92,8.95,9.17,14.19,4,채권혼합형,,0.824
한국투자신탁운용,한국투자 베트남그로스 증권자투자신탁UH[주식]A,4.44,18.87,29.13,15.42,2,주식형,1,1.828
한국투자신탁운용,한국투자 베트남그로스 증권자투자신탁UH[주식]C,4.39,18.7,28.76,14.75,2,주식형,,2.428
한국투자신탁운용,한국투자 베트남그로스 증권자투자신탁UH[주식]Ce,4.48,18.98,29.38,15.88,2,주식형,,1.428
한국투자신탁운용,한국투자 베트남그로스 증권자투자신탁[주식]A,1.26,20.18,35.19,18.81,2,주식형,1,1.828
한국투자신탁운용,한국투자 베트남그로스 증권자투자신탁[주식]C,1.21,20.01,34.81,18.12,2,주식형,,2.428
한국투자신탁운용,한국투자 베트남그로스 증권자투자신탁[주식]Ce,1.3,20.29,35.45,19.27,2,주식형,,1.428
한국투자신탁운용,한국투자 신종개인용MMF 5호 C,0.04,0.13,0.28,0.83,6,MMF(개인),,0.28
한국투자신탁운용,한국투자KRX300인덱스증권투자신탁(주식)A,3.87,33.29,37.6,46.51,2,주식형,1,0.498
한국투자신탁운용,한국투자KRX300인덱스증권투자신탁(주식)A-e,3.89,33.34,37.7,46.72,2,주식형,0.5,0.348
한국투자신탁운용,한국투자KRX300인덱스증권투자신탁(주식)C,3.81,33.09,37.15,45.55,2,주식형,,1.198
한국투자신탁운용,한국투자KRX300인덱스증권투자신탁(주식)C-P,3.85,33.2,37.41,46.1,2,주식형,,0.798
한국투자신탁운용,한국투자KRX300인덱스증권투자신탁(주식)C-Pe,3.87,33.29,37.6,46.51,2,주식형,,0.498
한국투자신탁운용,한국투자KRX300인덱스증권투자신탁(주식)C-e,3.86,33.23,37.47,46.23,2,주식형,,0.698
한국투자신탁운용,한국투자KRX300인덱스증권투자신탁(주식)C-w,0,0,0,0,2,주식형,,0.198
한국투자신탁운용,한국투자K뉴딜증권자투자신탁1호1호C1(주식),5.82,32.05,35.65,46.96,2,주식형,,2.209
한국투자신탁운용,한국투자K뉴딜증권자투자신탁1호A(주식),5.88,32.25,36.09,47.96,2,주식형,1,1.519
한국투자신탁운용,한국투자K뉴딜증권자투자신탁1호Ce(주식),5.88,32.2,35.99,47.74,2,주식형,,1.689
한국투자신탁운용,한국투자TDF알아서2020증권자투자신탁(채권혼합-재간접)A,0.79,8.31,9.45,13.11,3,재간접투자,1,0.478
한국투자신탁운용,한국투자TDF알아서2020증권자투자신탁(채권혼합-재간접)Ae,0.8,8.34,9.51,13.23,3,재간접투자,0.5,0.378
한국투자신탁운용,한국투자TDF알아서2020증권자투자신탁(채권혼합-재간접)C,0.76,8.22,9.27,12.74,3,재간접투자,,0.818
한국투자신탁운용,한국투자TDF알아서2020증권자투자신탁(채권혼합-재간접)C-P,0.77,8.23,9.29,12.79,3,재간접투자,,0.768
한국투자신탁운용,한국투자TDF알아서2020증권자투자신탁(채권혼합-재간접)C-Pe,0.79,8.3,9.42,13.06,3,재간접투자,,0.523
한국투자신탁운용,한국투자TDF알아서2020증권자투자신탁(채권혼합-재간접)C-W,0.81,8.36,9.56,13.34,3,재간접투자,,0.278
한국투자신탁운용,한국투자TDF알아서2020증권자투자신탁(채권혼합-재간접)Ce,0.79,8.29,9.41,13.04,3,재간접투자,,0.548
한국투자신탁운용,한국투자TDF알아서2025증권투자신탁(주식혼합-재간접)A,1.45,9.89,11.31,14.67,4,재간접투자,1,0.478
한국투자신탁운용,한국투자TDF알아서2025증권투자신탁(주식혼합-재간접)Ae,1.46,9.91,11.36,14.78,4,재간접투자,0.5,0.378
한국투자신탁운용,한국투자TDF알아서2025증권투자신탁(주식혼합-재간접)C,1.43,9.8,11.13,14.29,4,재간접투자,,0.818
한국투자신탁운용,한국투자TDF알아서2025증권투자신탁(주식혼합-재간접)C-P,1.43,9.81,11.15,14.34,4,재간접투자,,0.768
한국투자신탁운용,한국투자TDF알아서2025증권투자신탁(주식혼합-재간접)C-Pe,1.45,9.87,11.28,14.62,4,재간접투자,,0.523
한국투자신탁운용,한국투자TDF알아서2025증권투자신탁(주식혼합-재간접)C-W,1.48,9.96,11.5,15.04,4,재간접투자,,0.278
한국투자신탁운용,한국투자TDF알아서2025증권투자신탁(주식혼합-재간접)Ce,1.45,9.87,11.28,14.61,4,재간접투자,,0.548
한국투자신탁운용,한국투자TDF알아서2030증권투자신탁(주식혼합-재간접)A,1.97,11.64,13.63,16.23,4,재간접투자,1,0.748
한국투자신탁운용,한국투자TDF알아서2030증권투자신탁(주식혼합-재간접)Ae,1.98,11.67,13.69,16.35,4,재간접투자,0.5,0.538
한국투자신탁운용,한국투자TDF알아서2030증권투자신탁(주식혼합-재간접)C,1.94,11.55,13.45,15.85,4,재간접투자,,1.088
한국투자신탁운용,한국투자TDF알아서2030증권투자신탁(주식혼합-재간접)C-P,1.95,11.56,13.48,15.9,4,재간접투자,,1.008
한국투자신탁운용,한국투자TDF알아서2030증권투자신탁(주식혼합-재간접)C-Pe,1.97,11.63,13.61,16.18,4,재간접투자,,0.668
한국투자신탁운용,한국투자TDF알아서2030증권투자신탁(주식혼합-재간접)C-W,1.99,11.7,13.75,16.48,4,재간접투자,,0.328
한국투자신탁운용,한국투자TDF알아서2030증권투자신탁(주식혼합-재간접)Ce,1.96,11.62,13.6,16.16,4,재간접투자,,0.708
한국투자신탁운용,한국투자TDF알아서2035증권투자신탁(주식혼합-재간접)A,2.32,12.77,14.99,17.94,4,재간접투자,1,1.018
한국투자신탁운용,한국투자TDF알아서2035증권투자신탁(주식혼합-재간접)Ae,2.34,12.83,15.1,18.18,4,재간접투자,0.5,0.698
한국투자신탁운용,한국투자TDF알아서2035증권투자신탁(주식혼합-재간접)C,2.3,12.68,14.8,17.55,4,재간접투자,,1.358
한국투자신탁운용,한국투자TDF알아서2035증권투자신탁(주식혼합-재간접)C-P,2.3,12.7,14.84,17.64,4,재간접투자,,1.298
한국투자신탁운용,한국투자TDF알아서2035증권투자신탁(주식혼합-재간접)C-Pe,2.33,12.79,15.03,18.03,4,재간접투자,,0.838
한국투자신탁운용,한국투자TDF알아서2035증권투자신탁(주식혼합-재간접)C-W,2.36,12.88,15.25,18.52,4,재간접투자,,0.378
한국투자신탁운용,한국투자TDF알아서2040증권투자신탁(주식혼합-재간접)A,2.53,13.69,16.34,18.45,4,재간접투자,1,1.018
한국투자신탁운용,한국투자TDF알아서2040증권투자신탁(주식혼합-재간접)Ae,2.56,13.77,16.52,18.82,4,재간접투자,0.5,0.698
한국투자신탁운용,한국투자TDF알아서2040증권투자신탁(주식혼합-재간접)C,2.5,13.6,16.15,18.06,4,재간접투자,,1.358
한국투자신탁운용,한국투자TDF알아서2040증권투자신탁(주식혼합-재간접)C-P,2.51,13.61,16.19,18.13,4,재간접투자,,1.298
한국투자신탁운용,한국투자TDF알아서2040증권투자신탁(주식혼합-재간접)C-Pe,2.54,13.73,16.44,18.65,4,재간접투자,,0.838
한국투자신탁운용,한국투자TDF알아서2040증권투자신탁(주식혼합-재간접)C-W,-0.25,-0.25,-0.25,-0.25,4,재간접투자,,0.378
한국투자신탁운용,한국투자TDF알아서2040증권투자신탁(주식혼합-재간접)Ce,2.54,13.73,16.42,18.63,4,재간접투자,,0.868
한국투자신탁운용,한국투자TDF알아서2045증권투자신탁(주식혼합-재간접)A,2.59,13.74,16.27,18.74,4,재간접투자,1,1.018
한국투자신탁운용,한국투자TDF알아서2045증권투자신탁(주식혼합-재간접)Ae,2.62,13.82,16.45,19.12,4,재간접투자,0.5,0.698
한국투자신탁운용,한국투자TDF알아서2045증권투자신탁(주식혼합-재간접)C,2.56,13.65,16.08,18.36,4,재간접투자,,1.358
한국투자신탁운용,한국투자TDF알아서2045증권투자신탁(주식혼합-재간접)C-P,2.57,13.67,16.11,18.43,4,재간접투자,,1.298
한국투자신탁운용,한국투자TDF알아서2045증권투자신탁(주식혼합-재간접)C-Pe,2.6,13.79,16.37,18.95,4,재간접투자,,0.838
한국투자신탁운용,한국투자TDF알아서2045증권투자신탁(주식혼합-재간접)C-W,2.64,13.92,16.64,19.51,4,재간접투자,,0.378
한국투자신탁운용,한국투자TDF알아서2045증권투자신탁(주식혼합-재간접)Ce,2.6,13.78,16.35,18.92,4,재간접투자,,0.868
한국투자신탁운용,한국투자TDF알아서증권투자신탁(채권혼합-재간접)A,0.79,7.6,8.29,12.46,5,재간접투자,1,0.478
한국투자신탁운용,한국투자TDF알아서증권투자신탁(채권혼합-재간접)Ae,0.8,7.63,8.35,12.56,5,재간접투자,0.5,0.378
한국투자신탁운용,한국투자TDF알아서증권투자신탁(채권혼합-재간접)C,0.76,7.51,8.11,12.08,5,재간접투자,,0.818
한국투자신탁운용,한국투자TDF알아서증권투자신탁(채권혼합-재간접)C-P,0.77,7.53,8.14,12.14,5,재간접투자,,0.768
한국투자신탁운용,한국투자TDF알아서증권투자신탁(채권혼합-재간접)C-Pe,0.79,7.59,8.27,12.4,5,재간접투자,,0.523
한국투자신탁운용,한국투자TDF알아서증권투자신탁(채권혼합-재간접)C-W,0.81,7.66,8.41,12.7,5,재간접투자,,0.278
한국투자신탁운용,한국투자TDF알아서증권투자신탁(채권혼합-재간접)Ce,0.79,7.59,8.26,12.38,5,재간접투자,,0.548
한국투자신탁운용,한국투자e단기채증권투자신탁(채권)A,0.19,0.55,0.93,1.97,6,채권형,0.1,0.205
한국투자신탁운용,한국투자e단기채증권투자신탁(채권)A-e,0.2,0.56,0.96,2.02,6,채권형,0.05,0.15
한국투자신탁운용,한국투자e단기채증권투자신탁(채권)A1,0.2,0.57,0.98,0,6,채권형,0.25,0.115
한국투자신탁운용,한국투자e단기채증권투자신탁(채권)C,0.19,0.53,0.89,1.88,6,채권형,,0.295
한국투자신탁운용,한국투자e단기채증권투자신탁(채권)C-P,0.19,0.54,0.91,1.93,6,채권형,,0.245
한국투자신탁운용,한국투자e단기채증권투자신탁(채권)C-Pe,0.2,0.56,0.95,2,6,채권형,,0.17
한국투자신탁운용,한국투자e단기채증권투자신탁(채권)C-e,0.2,0.55,0.94,1.98,6,채권형,,0.196
한국투자신탁운용,한국투자e단기채증권투자신탁(채권)C-w,0.2,0.58,0.99,0.03,6,채권형,,0.095
한국투자신탁운용,한국투자네비게이터증권투자신탁1호A(주식),6.59,35.81,41.94,48.83,3,주식형,1,1.75
한국투자신탁운용,한국투자네비게이터증권투자신탁1호A-G(주식),6.61,34.68,40.85,47.95,3,주식형,0.7,1.33
한국투자신탁운용,한국투자네비게이터증권투자신탁1호C-E(주식),6.58,35.79,41.88,48.72,3,주식형,,1.68
한국투자신탁운용,한국투자네비게이터증권투자신탁1호C-G(주식),6.62,35.87,41.99,48.81,3,주식형,,1.69
한국투자신탁운용,한국투자네비게이터증권투자신탁1호C-W(주식),6.67,33.41,39.73,47.29,3,주식형,,0.7
한국투자신탁운용,한국투자네비게이터증권투자신탁1호C1(주식),6.54,35.62,41.53,47.99,3,주식형,,2.2
한국투자신탁운용,한국투자다이나믹헤지인컴증권자투자신탁(채권-재간접형)A,-0.23,2.42,1.54,0.68,4,재간접투자,1,0.748
한국투자신탁운용,한국투자다이나믹헤지인컴증권자투자신탁(채권-재간접형)A-e,-0.21,2.46,1.63,0.86,4,재간접투자,0.5,0.573
한국투자신탁운용,한국투자다이나믹헤지인컴증권자투자신탁(채권-재간접형)C,-0.27,2.29,1.28,0.18,4,재간접투자,,1.248
한국투자신탁운용,한국투자다이나믹헤지인컴증권자투자신탁(채권-재간접형)C-P,-0.24,2.39,1.49,0,4,재간접투자,,0.858
한국투자신탁운용,한국투자다이나믹헤지인컴증권자투자신탁(채권-재간접형)C-Pe,-0.22,2.45,1.61,0,4,재간접투자,,0.628
한국투자신탁운용,한국투자다이나믹헤지인컴증권자투자신탁(채권-재간접형)C-e,-0.23,2.4,1.5,0.61,4,재간접투자,,0.823
한국투자신탁운용,한국투자달러표시중국채권증권자C-W(채권),0.38,0.57,0.25,2.73,5,채권형,,0.444
한국투자신탁운용,한국투자달러표시중국채권증권자투자신탁A(채권),0.37,0.54,0.2,2.62,5,채권형,1,0.544
한국투자신탁운용,한국투자달러표시중국채권증권자투자신탁C(채권),0.31,0.34,-0.2,1.81,5,채권형,,1.344
한국투자신탁운용,한국투자달러표시중국채권증권자투자신탁Ce(채권),0.34,0.46,0.03,2.27,5,채권형,,0.894
한국투자신탁운용,한국투자삼성그룹적립식증권투자신탁1호(주식)C-E,-0.08,24.61,30.42,27.9,2,주식형,,1.26
한국투자신탁운용,한국투자삼성그룹적립식증권투자신탁1호(주식)C1,-0.17,24.31,29.78,26.64,2,주식형,,2.26
한국투자신탁운용,한국투자중소밸류증권자투자신탁A(주식),2.79,14.05,18.9,12.7,2,주식형,0.5,1.3
한국투자신탁운용,한국투자중소밸류증권자투자신탁A-G(주식),2.81,14.11,19.03,12.96,2,주식형,0.5,1.08
한국투자신탁운용,한국투자중소밸류증권자투자신탁C(주식),2.76,13.98,18.74,12.4,2,주식형,,1.57
한국투자신탁운용,한국투자중소밸류증권자투자신탁C-G(주식),2.79,14.06,18.92,12.74,2,주식형,,1.27
한국투자신탁운용,한국투자중소밸류증권자투자신탁C-P(주식),2.77,13.99,18.77,12.46,2,주식형,,1.52
한국투자신탁운용,한국투자중소밸류증권자투자신탁C-Pe(주식),2.81,14.11,19.04,12.98,2,주식형,,1.045
한국투자신탁운용,한국투자중소밸류증권자투자신탁Ce(주식),2.81,14.12,19.06,13.03,2,주식형,,1
한국투자신탁운용,한국투자코스닥두배로증권투자신탁(주식-재간접파생형)A,-7.06,33.82,23.94,95.47,1,파생상품,1,0.748
한국투자신탁운용,한국투자코스닥두배로증권투자신탁(주식-재간접파생형)A-e,-7.04,33.89,24.07,95.85,1,파생상품,0.5,0.548
한국투자신탁운용,한국투자코스닥두배로증권투자신탁(주식-재간접파생형)C,-7.1,33.66,23.59,94.43,1,파생상품,,1.298
한국투자신탁운용,한국투자코스닥두배로증권투자신탁(주식-재간접파생형)C-e,-7.06,33.8,23.91,95.33,1,파생상품,,0.818
한국투자신탁운용,한국투자코스피솔루션증권투자신탁(채권혼합)A,-0.09,1.19,2,2.69,4,채권혼합형,0.7,0.948
한국투자신탁운용,한국투자코스피솔루션증권투자신탁(채권혼합)A-e,-0.08,1.25,2.1,2.9,4,채권혼합형,0.35,0.748
한국투자신탁운용,한국투자코스피솔루션증권투자신탁(채권혼합)C,-0.14,1.05,1.72,2.13,4,채권혼합형,,1.498
한국투자신탁운용,한국투자코스피솔루션증권투자신탁(채권혼합)C-P,-0.12,1.12,1.84,2.39,4,채권혼합형,,1.248
한국투자신탁운용,한국투자코스피솔루션증권투자신탁(채권혼합)C-Pe,-0.09,1.21,2.02,2.75,4,채권혼합형,,0.898
한국투자신탁운용,한국투자코스피솔루션증권투자신탁(채권혼합)C-e,-0.1,1.17,1.96,2.62,4,채권혼합형,,1.023
한국투자신탁운용,한국투자크레딧포커스증권자투자신탁1호(채권)A,0.3,0.95,1.39,2.51,6,채권형,0.02,0.391
한국투자신탁운용,한국투자크레딧포커스증권자투자신탁1호(채권)A-e,0.31,0.97,1.44,2.62,6,채권형,0.01,0.286
한국투자신탁운용,한국투자크레딧포커스증권자투자신탁1호(채권)C,0.3,0.94,1.38,2.49,6,채권형,,0.411
한국투자신탁운용,한국투자크레딧포커스증권자투자신탁1호(채권)C-P,0.3,0.94,1.38,2.49,6,채권형,,0.406
한국투자신탁운용,한국투자크레딧포커스증권자투자신탁1호(채권)C-Pe,0.31,0.97,1.44,2.61,6,채권형,,0.294
한국투자신탁운용,한국투자크레딧포커스증권자투자신탁1호(채권)C-W,0.32,1,-1.76,-0.57,6,채권형,,0.181
한국투자신탁운용,한국투자크레딧포커스증권자투자신탁1호(채권)C-e,0.3,0.96,1.42,2.57,6,채권형,,0.331
한국투자신탁운용,한국투자한국의제4차산업혁명증권자투자신탁1호(주식)A,6.5,33.32,35.45,57.35,2,주식형,1,0.98
한국투자신탁운용,한국투자한국의제4차산업혁명증권자투자신탁1호(주식)A-e,6.52,33.39,35.61,57.74,2,주식형,0.5,0.73
한국투자신탁운용,한국투자한국의제4차산업혁명증권자투자신탁1호(주식)C,6.46,33.17,35.13,56.57,2,주식형,,1.48
한국투자신탁운용,한국투자한국의제4차산업혁명증권자투자신탁1호(주식)C-P,6.46,33.19,35.16,56.65,2,주식형,,1.43
한국투자신탁운용,한국투자한국의제4차산업혁명증권자투자신탁1호(주식)C-Pe,6.5,33.32,35.46,57.38,2,주식형,,0.955
한국투자신탁운용,한국투자한국의제4차산업혁명증권자투자신탁1호(주식)C-W,6.55,33.47,35.77,58.14,2,주식형,,0.48
한국투자신탁운용,한국투자한국의제4차산업혁명증권자투자신탁1호(주식)C-e,6.5,33.32,35.45,57.34,2,주식형,,0.98
한국투자신탁운용,한국투자한국의힘증권자투자신탁A(채권혼합),1.59,7.86,8.3,11.55,5,채권혼합형,0.2,1.344
한국투자신탁운용,한국투자한국의힘증권자투자신탁C(채권혼합),1.58,7.83,8.25,11.44,5,채권혼합형,,1.444
한국투자신탁운용,한국투자한국의힘증권자투자신탁C-P(채권혼합),1.6,7.88,8.34,11.63,5,채권혼합형,,1.274
한국투자신탁운용,한국투자한국의힘증권자투자신탁C-Pe(채권혼합),1.63,7.99,8.56,12.1,5,채권혼합형,,0.859
한국투자신탁운용,한국투자한국의힘증권자투자신탁C-W(채권혼합),1.67,8.1,8.78,12.56,5,채권혼합형,,0.444
한국투자신탁운용,한국투자한국의힘증권자투자신탁C-e(채권혼합),1.63,7.96,8.51,12,5,채권혼합형,,0.944
한국투자신탁운용,한국투자한국의힘증권투자신탁1호A(주식),4.83,31.06,37.97,40.47,2,주식형,1,1.694
한국투자신탁운용,한국투자한국의힘증권투자신탁1호A-e(주식),4.87,31.2,38.29,41.23,2,주식형,0.5,1.194
한국투자신탁운용,한국투자한국의힘증권투자신탁1호C-P(주식),4.84,31.1,38.07,40.71,2,주식형,,1.534
한국투자신탁운용,한국투자한국의힘증권투자신탁1호C-Pe(주식),4.88,31.22,38.34,41.34,2,주식형,,1.114
한화자산운용,한화 꿈에그린차이나A주 증권 H-1호(주식)A,9.01,17.79,17.05,56.56,2,주식형,1,1.875
한화자산운용,한화 꿈에그린차이나A주 증권 H-1호(주식)C-P,9.05,17.92,13.61,52.31,2,주식형,,1.375
한화자산운용,한화 꿈에그린차이나A주 증권 H-1호(주식)C-Pe,9.06,17.97,17.43,57.58,2,주식형,,1.175
한화자산운용,한화 꿈에그린차이나A주 증권 H-1호(주식)C-W,9.08,18.03,15.21,54.76,2,주식형,,0.975
한화자산운용,한화 꿈에그린차이나A주 증권 H-1호(주식)C1,8.97,17.64,16.71,55.68,2,주식형,,2.475
한화자산운용,한화 꿈에그린차이나A주 증권 H-1호(주식)Ce,9,17.77,16.99,56.41,2,주식형,,1.975
한화자산운용,한화 이머징국공채증권투자신탁(채권-재간접형)CW,-0.81,5.6,4.75,1.33,5,재간접투자,,0.825
한화자산운용,한화 천연자원 증권자투자신탁C-W(주식),6.09,22.81,10.52,10.95,2,주식형,,0.935
한화자산운용,한화개인MMF2호(국공채),0.02,0.05,0.12,0.43,6,MMF(개인),,0.45
한화자산운용,한화글로벌리얼에셋혼합자산자투자신탁(혼합-재간접형)A,1.03,6.19,5.14,-6.1,2,재간접투자,1,1.522
한화자산운용,한화글로벌리얼에셋혼합자산자투자신탁(혼합-재간접형)A-e,1.06,6.27,5.3,-5.83,2,재간접투자,0.5,1.222
한화자산운용,한화글로벌리얼에셋혼합자산자투자신탁(혼합-재간접형)C,1,6.09,4.93,-6.48,2,재간접투자,,1.922
한화자산운용,한화글로벌리얼에셋혼합자산자투자신탁(혼합-재간접형)C-P,1.04,6.22,5.2,-6.02,2,재간접투자,,1.422
한화자산운용,한화글로벌리얼에셋혼합자산자투자신탁(혼합-재간접형)C-Pe,1.07,6.29,5.35,-5.75,2,재간접투자,,1.142
한화자산운용,한화글로벌리얼에셋혼합자산자투자신탁(혼합-재간접형)C-e,1.04,6.22,5.2,-6.03,2,재간접투자,,1.422
한화자산운용,한화글로벌리얼에셋혼합자산자투자신탁(혼합-재간접형)Cw,1.08,6.35,5.46,-5.56,2,재간접투자,,0.922
한화자산운용,한화글로벌본드인컴증권자투자신탁H(채권-재간접형)A,0.65,3,3.41,0,4,재간접투자,1,1.31
한화자산운용,한화글로벌본드인컴증권자투자신탁H(채권-재간접형)A-e,0.67,3.06,3.53,0,4,재간접투자,0.5,1.08
한화자산운용,한화글로벌본드인컴증권자투자신탁H(채권-재간접형)C,0.62,2.9,3.21,0,4,재간접투자,,1.71
한화자산운용,한화글로벌본드인컴증권자투자신탁H(채권-재간접형)C-P,0.65,2.99,3.4,0,4,재간접투자,,1.33
한화자산운용,한화글로벌본드인컴증권자투자신탁H(채권-재간접형)C-Pe,0.67,3.05,3.53,0,4,재간접투자,,1.09
한화자산운용,한화글로벌본드인컴증권자투자신탁H(채권-재간접형)C-e,0.66,3.01,3.43,0,4,재간접투자,,1.28
한화자산운용,한화글로벌본드인컴증권자투자신탁H(채권-재간접형)C-w,0.7,0,0,0,4,재간접투자,,0.85
한화자산운용,한화단기국공채증권자투자신탁A(채권),0.1,0.22,0.36,1.22,6,채권형,0.2,0.107
한화자산운용,한화단기국공채증권자투자신탁Ae(채권),0.1,0.22,0.36,1.23,6,채권형,0.1,0.102
한화자산운용,한화단기국공채증권자투자신탁C(채권),0.09,0.19,0.29,1.08,6,채권형,,0.247
한화자산운용,한화단기국공채증권자투자신탁C-G(채권),0.1,0.21,0.33,1.15,6,채권형,,0.177
한화자산운용,한화단기국공채증권자투자신탁C-P(채권),0.1,0.2,0.31,1.12,6,채권형,,0.207
한화자산운용,한화단기국공채증권자투자신탁C-Pe(채권),0.1,0.21,0.34,1.17,6,채권형,,0.152
한화자산운용,한화단기국공채증권자투자신탁C-W(채권),0.11,0.22,0.36,1.23,6,채권형,,0.097
한화자산운용,한화단기국공채증권자투자신탁Ce(채권),0.1,0.2,0.33,1.15,6,채권형,,0.172
한화자산운용,한화연금저축글로벌헬스케어증권1호(주식)C,5.72,18.98,21.14,29.53,2,주식형,,1.612
한화자산운용,한화연금저축글로벌헬스케어증권1호(주식)Ce,5.76,19.1,21.4,30.07,2,주식형,,1.162
한화자산운용,한화웰스파고글로벌헤지솔루션증권자투자신탁(H)(주식-재간접)A,2.31,-0.47,-0.92,1.11,2,재간접투자,1,0.89
한화자산운용,한화웰스파고글로벌헤지솔루션증권자투자신탁(H)(주식-재간접)Ae,2.33,-0.4,-0.78,1.39,2,재간접투자,0.5,0.64
한화자산운용,한화웰스파고글로벌헤지솔루션증권자투자신탁(H)(주식-재간접)C,2.27,-0.58,-1.13,0.71,2,재간접투자,,1.29
한화자산운용,한화웰스파고글로벌헤지솔루션증권자투자신탁(H)(주식-재간접)CP,2.32,-0.45,-0.88,1.21,2,재간접투자,,0.79
한화자산운용,한화웰스파고글로벌헤지솔루션증권자투자신탁(H)(주식-재간접)Ce,2.31,-0.46,-0.9,1.16,2,재간접투자,,0.84
한화자산운용,한화웰스파고글로벌헤지솔루션증권자투자신탁(H)(주식-재간접CPe,2.33,-0.4,-0.77,1.41,2,재간접투자,,0.6
한화자산운용,한화자랑스러운한국기업증권자투자신탁(주식)A,5.76,36.26,41.13,57.15,2,주식형,1,1.447
한화자산운용,한화자랑스러운한국기업증권자투자신탁(주식)Ce,5.75,36.19,40.99,56.85,2,주식형,,1.647
한화자산운용,한화중국본토증권자투자신탁H(주식)A,8.68,17,16.41,55.82,2,주식형,1.2,1.78
한화자산운용,한화중국본토증권자투자신탁H(주식)C-P,8.74,17.17,16.75,56.71,2,주식형,,1.18
한화자산운용,한화중국본토증권자투자신탁H(주식)C-Pe,8.75,17.22,16.85,56.98,2,주식형,,1
한화자산운용,한화중국본토증권자투자신탁H(주식)C-W,8.77,17.28,16.98,54.54,2,주식형,,0.78
한화자산운용,한화중국본토증권자투자신탁H(주식)C1,8.64,16.86,16.12,55.07,2,주식형,,2.28
한화자산운용,한화중국본토증권자투자신탁H(주식)Ce,8.68,16.98,16.36,55.67,2,주식형,,1.88
한화자산운용,한화코리아밸류채권증권자투자신탁(채권)A,0.23,0.62,0.81,1.96,5,채권형,0.3,0.282
한화자산운용,한화코리아밸류채권증권자투자신탁(채권)A-e,0.23,0.63,0.83,2.01,5,채권형,0.15,0.232
한화자산운용,한화코리아밸류채권증권자투자신탁(채권)C,0.22,0.59,0.74,1.82,5,채권형,,0.412
한화자산운용,한화코리아밸류채권증권자투자신탁(채권)C-P,0.22,0.6,-1.31,-0.22,5,채권형,,0.352
한화자산운용,한화코리아밸류채권증권자투자신탁(채권)C-Pe,0.23,0.62,0.81,1.97,5,채권형,,0.267
한화자산운용,한화코리아밸류채권증권자투자신탁(채권)C-e,0.22,0.6,0.77,1.87,5,채권형,,0.362
한화자산운용,한화코리아밸류채권증권자투자신탁(채권)Cw,0.24,0.65,-1.41,-0.24,5,채권형,,0.182
현대자산운용,현대 뉴현대그룹플러스증권자투자신탁1호[주식]A,13.59,46.46,62.05,56.19,2,주식형,1,1.5
현대자산운용,현대 뉴현대그룹플러스증권자투자신탁1호[주식]C,13.53,46.22,61.5,55.08,2,주식형,,2.22
현대자산운용,현대 뉴현대그룹플러스증권자투자신탁1호[주식]Ce,13.57,46.38,61.87,55.84,2,주식형,,1.72
현대자산운용,현대코스닥벤처증권투자신탁1호(주식혼합)A,3.08,11.17,7.29,32.46,2,주식혼합형,1,1.343
현대자산운용,현대코스닥벤처증권투자신탁1호(주식혼합)A-e,3.11,11.27,7.48,32.96,2,주식혼합형,0.5,0.963
현대자산운용,현대코스닥벤처증권투자신탁1호(주식혼합)C,3.06,11.12,7.18,32.2,2,주식혼합형,,1.533
현대자산운용,현대코스닥벤처증권투자신탁1호(주식혼합)C-e,3.1,11.24,7.43,32.83,2,주식혼합형,,1.063
현대자산운용,현대트러스트단기채증권자투자신탁1호(채권)A,0.11,0.41,0.72,0.87,5,채권형,0.1,0.3
현대자산운용,현대트러스트단기채증권자투자신탁1호(채권)A-e,0.12,0.43,0.77,0.97,5,채권형,0.05,0.2
현대자산운용,현대트러스트단기채증권자투자신탁1호(채권)C,0.1,0.38,0.67,0.76,5,채권형,,0.4
현대자산운용,현대트러스트단기채증권자투자신탁1호(채권)C-Pe,0.13,0.45,0.81,0,5,채권형,,0.195
현대자산운용,현대트러스트단기채증권자투자신탁1호(채권)C-e,0.12,0.42,0.75,0.92,5,채권형,,0.25
